target_dataset,feature_set,model,selection_split,calibration_method,selection_n,selection_ece,selection_brier,selected
NHANES,model_a_screening,Logistic Regression,target_calibration_select,uncalibrated,573,0.3703465518315716,0.27400162065823047,False
NHANES,model_a_screening,Logistic Regression,target_calibration_select,platt,573,0.05017414993041521,0.12706364185061894,False
NHANES,model_a_screening,Logistic Regression,target_calibration_select,temperature,573,0.3294885665627637,0.24572460620538059,False
NHANES,model_a_screening,Logistic Regression,target_calibration_select,isotonic,573,0.04233297734091166,0.1280250600285923,False
NHANES,model_a_screening,Logistic Regression,target_calibration_select,beta,573,0.04380247451387742,0.1267194441929846,True
Pima,model_a_screening,Logistic Regression,target_calibration_select,uncalibrated,192,0.09331437886055405,0.1946519458868546,False
Pima,model_a_screening,Logistic Regression,target_calibration_select,platt,192,0.04808631592847995,0.18602282672578005,False
Pima,model_a_screening,Logistic Regression,target_calibration_select,temperature,192,0.09516459598391823,0.19481242661945244,False
Pima,model_a_screening,Logistic Regression,target_calibration_select,isotonic,192,0.06060941884018837,0.19325280188524321,False
Pima,model_a_screening,Logistic Regression,target_calibration_select,beta,192,0.03582925332946935,0.18629535519319698,True
NHANES,model_a_screening,Random Forest,target_calibration_select,uncalibrated,573,0.3563046918340327,0.2605092177505972,False
NHANES,model_a_screening,Random Forest,target_calibration_select,platt,573,0.04968345930522719,0.12614026418214033,False
NHANES,model_a_screening,Random Forest,target_calibration_select,temperature,573,0.32843836508884283,0.2431870621521597,False
NHANES,model_a_screening,Random Forest,target_calibration_select,isotonic,573,0.03572808597263038,0.12554105663900908,True
NHANES,model_a_screening,Random Forest,target_calibration_select,beta,573,0.04079127868078392,0.12621631397815888,False
Pima,model_a_screening,Random Forest,target_calibration_select,uncalibrated,192,0.04719269527490495,0.1913988852642837,True
Pima,model_a_screening,Random Forest,target_calibration_select,platt,192,0.08448045034993844,0.19178037976008974,False
Pima,model_a_screening,Random Forest,target_calibration_select,temperature,192,0.05953285348566587,0.1921049661509525,False
Pima,model_a_screening,Random Forest,target_calibration_select,isotonic,192,0.06528691772162182,0.19788969682945945,False
Pima,model_a_screening,Random Forest,target_calibration_select,beta,192,0.07497463079404562,0.19193177693233776,False
NHANES,model_a_screening,XGBoost,target_calibration_select,uncalibrated,573,0.024881406549858428,0.12318501522143414,False
NHANES,model_a_screening,XGBoost,target_calibration_select,platt,573,0.04021314238502127,0.12474723512272952,False
NHANES,model_a_screening,XGBoost,target_calibration_select,temperature,573,0.023875892442748715,0.12250804343841351,True
NHANES,model_a_screening,XGBoost,target_calibration_select,isotonic,573,0.04391189383965801,0.1258022663309874,False
NHANES,model_a_screening,XGBoost,target_calibration_select,beta,573,0.03778558692930583,0.12480731568603527,False
Pima,model_a_screening,XGBoost,target_calibration_select,uncalibrated,192,0.2663493079526233,0.2713477444734956,False
Pima,model_a_screening,XGBoost,target_calibration_select,platt,192,0.04001457938167556,0.19157554243095923,True
Pima,model_a_screening,XGBoost,target_calibration_select,temperature,192,0.10378194022643976,0.2054750932585204,False
Pima,model_a_screening,XGBoost,target_calibration_select,isotonic,192,0.05625372269970365,0.19513253316184798,False
Pima,model_a_screening,XGBoost,target_calibration_select,beta,192,0.041678556101405424,0.19124676839253965,False
NHANES,model_a_screening,LightGBM,target_calibration_select,uncalibrated,573,0.351068406989735,0.26611526852432643,False
NHANES,model_a_screening,LightGBM,target_calibration_select,platt,573,0.03709978923305215,0.12533958725646513,True
NHANES,model_a_screening,LightGBM,target_calibration_select,temperature,573,0.3271268529704249,0.23805567284298146,False
NHANES,model_a_screening,LightGBM,target_calibration_select,isotonic,573,0.03722183670969038,0.12597548183783688,False
NHANES,model_a_screening,LightGBM,target_calibration_select,beta,573,0.04092117354479831,0.12547968370061188,False
Pima,model_a_screening,LightGBM,target_calibration_select,uncalibrated,192,0.07209763852739823,0.1947180818611186,False
Pima,model_a_screening,LightGBM,target_calibration_select,platt,192,0.06225729294831168,0.19254220494831217,False
Pima,model_a_screening,LightGBM,target_calibration_select,temperature,192,0.08417112324662954,0.19371788077021646,False
Pima,model_a_screening,LightGBM,target_calibration_select,isotonic,192,0.07550295935140355,0.19536913191715474,False
Pima,model_a_screening,LightGBM,target_calibration_select,beta,192,0.05851465174985452,0.19288570179111764,True
NHANES,model_a_screening,CatBoost,target_calibration_select,uncalibrated,573,0.03120798848497649,0.1239218677850351,False
NHANES,model_a_screening,CatBoost,target_calibration_select,platt,573,0.04072733499393523,0.12560391453493946,False
NHANES,model_a_screening,CatBoost,target_calibration_select,temperature,573,0.03414640086698773,0.12333178273230824,False
NHANES,model_a_screening,CatBoost,target_calibration_select,isotonic,573,0.025847194082448212,0.12485030937923433,True
NHANES,model_a_screening,CatBoost,target_calibration_select,beta,573,0.0369344035110184,0.12573388534641772,False
Pima,model_a_screening,CatBoost,target_calibration_select,uncalibrated,192,0.26887850323053264,0.27273752522988093,False
Pima,model_a_screening,CatBoost,target_calibration_select,platt,192,0.04637013123960056,0.19148198570697825,True
Pima,model_a_screening,CatBoost,target_calibration_select,temperature,192,0.08937992499888839,0.20642268893481677,False
Pima,model_a_screening,CatBoost,target_calibration_select,isotonic,192,0.08663049197170361,0.20174996394604114,False
Pima,model_a_screening,CatBoost,target_calibration_select,beta,192,0.0686772945265119,0.19149511138465916,False
NHANES,model_b_routine_clinical,Logistic Regression,target_calibration_select,uncalibrated,573,0.09904077358144046,0.07977869443094528,False
NHANES,model_b_routine_clinical,Logistic Regression,target_calibration_select,platt,573,0.03642337693082798,0.0644796302321089,False
NHANES,model_b_routine_clinical,Logistic Regression,target_calibration_select,temperature,573,0.1168263545239419,0.08244004371954232,False
NHANES,model_b_routine_clinical,Logistic Regression,target_calibration_select,isotonic,573,0.0303264427334115,0.06348031638271077,True
NHANES,model_b_routine_clinical,Logistic Regression,target_calibration_select,beta,573,0.040257233675366336,0.06368441830757915,False
Pima,model_b_routine_clinical,Logistic Regression,target_calibration_select,uncalibrated,192,0.08258047400235788,0.142425013545152,False
Pima,model_b_routine_clinical,Logistic Regression,target_calibration_select,platt,192,0.08054971946760871,0.14169045734820354,True
Pima,model_b_routine_clinical,Logistic Regression,target_calibration_select,temperature,192,0.10138513072095043,0.14548081376106894,False
Pima,model_b_routine_clinical,Logistic Regression,target_calibration_select,isotonic,192,0.04918322923767608,0.14287803602579233,False
Pima,model_b_routine_clinical,Logistic Regression,target_calibration_select,beta,192,0.09158149355216344,0.146196452002176,False
NHANES,model_b_routine_clinical,Random Forest,target_calibration_select,uncalibrated,573,0.09493098080456694,0.09087598939257799,False
NHANES,model_b_routine_clinical,Random Forest,target_calibration_select,platt,573,0.033256533957421626,0.07248798419984469,False
NHANES,model_b_routine_clinical,Random Forest,target_calibration_select,temperature,573,0.10163821776489132,0.09061795459422682,False
NHANES,model_b_routine_clinical,Random Forest,target_calibration_select,isotonic,573,0.026330846328200017,0.07066520049184993,True
NHANES,model_b_routine_clinical,Random Forest,target_calibration_select,beta,573,0.02988381241948063,0.07241089475145616,False
Pima,model_b_routine_clinical,Random Forest,target_calibration_select,uncalibrated,192,0.09915738166466606,0.1833179220376098,False
Pima,model_b_routine_clinical,Random Forest,target_calibration_select,platt,192,0.055539564669605815,0.1730336327789709,True
Pima,model_b_routine_clinical,Random Forest,target_calibration_select,temperature,192,0.07904614644527005,0.17866999875890477,False
Pima,model_b_routine_clinical,Random Forest,target_calibration_select,isotonic,192,0.047528855820404114,0.17359450287033099,False
Pima,model_b_routine_clinical,Random Forest,target_calibration_select,beta,192,0.0710516896004408,0.17350313741100165,False
NHANES,model_b_routine_clinical,XGBoost,target_calibration_select,uncalibrated,573,0.07687680616036027,0.07741338065178609,False
NHANES,model_b_routine_clinical,XGBoost,target_calibration_select,platt,573,0.04974813775413887,0.06642230914127499,False
NHANES,model_b_routine_clinical,XGBoost,target_calibration_select,temperature,573,0.047797504884803776,0.06676118657095864,False
NHANES,model_b_routine_clinical,XGBoost,target_calibration_select,isotonic,573,0.03320192065467876,0.06522892681354492,False
NHANES,model_b_routine_clinical,XGBoost,target_calibration_select,beta,573,0.029358918509363997,0.06513780489111932,True
Pima,model_b_routine_clinical,XGBoost,target_calibration_select,uncalibrated,192,0.305409966367525,0.28690177070834694,False
Pima,model_b_routine_clinical,XGBoost,target_calibration_select,platt,192,0.12386288831855445,0.15987990903807925,False
Pima,model_b_routine_clinical,XGBoost,target_calibration_select,temperature,192,0.18271382107975165,0.18662024348397535,False
Pima,model_b_routine_clinical,XGBoost,target_calibration_select,isotonic,192,0.10550532907263803,0.16162637628951457,True
Pima,model_b_routine_clinical,XGBoost,target_calibration_select,beta,192,0.12290103211581631,0.16002451711065493,False
NHANES,model_b_routine_clinical,LightGBM,target_calibration_select,uncalibrated,573,0.09959563523823453,0.09523114728517394,False
NHANES,model_b_routine_clinical,LightGBM,target_calibration_select,platt,573,0.017612717596788514,0.06853424415382563,True
NHANES,model_b_routine_clinical,LightGBM,target_calibration_select,temperature,573,0.07740907435653338,0.08102151869316795,False
NHANES,model_b_routine_clinical,LightGBM,target_calibration_select,isotonic,573,0.02269660332111128,0.06894422531586969,False
NHANES,model_b_routine_clinical,LightGBM,target_calibration_select,beta,573,0.02066051001348875,0.06824318702926688,False
Pima,model_b_routine_clinical,LightGBM,target_calibration_select,uncalibrated,192,0.16439414949026324,0.19734328414108857,False
Pima,model_b_routine_clinical,LightGBM,target_calibration_select,platt,192,0.08184038645214958,0.18375076543002114,False
Pima,model_b_routine_clinical,LightGBM,target_calibration_select,temperature,192,0.0976347884107505,0.18472505604126147,False
Pima,model_b_routine_clinical,LightGBM,target_calibration_select,isotonic,192,0.07034351542172754,0.17574602063034375,True
Pima,model_b_routine_clinical,LightGBM,target_calibration_select,beta,192,0.08762330400378152,0.18218791820321192,False
NHANES,model_b_routine_clinical,CatBoost,target_calibration_select,uncalibrated,573,0.06243309724717652,0.0763678424746655,False
NHANES,model_b_routine_clinical,CatBoost,target_calibration_select,platt,573,0.0263066395656883,0.07015711046363055,True
NHANES,model_b_routine_clinical,CatBoost,target_calibration_select,temperature,573,0.039541443892045225,0.07190192595094917,False
NHANES,model_b_routine_clinical,CatBoost,target_calibration_select,isotonic,573,0.034013427971390904,0.0707861038603285,False
NHANES,model_b_routine_clinical,CatBoost,target_calibration_select,beta,573,0.032046204983788254,0.07029498065522301,False
Pima,model_b_routine_clinical,CatBoost,target_calibration_select,uncalibrated,192,0.29690611033331077,0.2874136750893506,False
Pima,model_b_routine_clinical,CatBoost,target_calibration_select,platt,192,0.057199465600237795,0.17206155071237994,True
Pima,model_b_routine_clinical,CatBoost,target_calibration_select,temperature,192,0.11413893235058573,0.19225580111907506,False
Pima,model_b_routine_clinical,CatBoost,target_calibration_select,isotonic,192,0.0738772598268076,0.17442594218247023,False
Pima,model_b_routine_clinical,CatBoost,target_calibration_select,beta,192,0.06511551186788683,0.17263246722968492,False
NHANES,model_c_extended_transport,Logistic Regression,target_calibration_select,uncalibrated,573,0.09904077358144041,0.07977869443094525,False
NHANES,model_c_extended_transport,Logistic Regression,target_calibration_select,platt,573,0.036423376930827964,0.0644796302321089,False
NHANES,model_c_extended_transport,Logistic Regression,target_calibration_select,temperature,573,0.1168263545238212,0.0824400437195197,False
NHANES,model_c_extended_transport,Logistic Regression,target_calibration_select,isotonic,573,0.030326442733411486,0.06348031638271077,True
NHANES,model_c_extended_transport,Logistic Regression,target_calibration_select,beta,573,0.04025723367536633,0.06368441830757914,False
Pima,model_c_extended_transport,Logistic Regression,target_calibration_select,uncalibrated,192,0.08258047400235792,0.142425013545152,False
Pima,model_c_extended_transport,Logistic Regression,target_calibration_select,platt,192,0.08054971946760874,0.14169045734820354,True
Pima,model_c_extended_transport,Logistic Regression,target_calibration_select,temperature,192,0.10138513072095044,0.14548081376106894,False
Pima,model_c_extended_transport,Logistic Regression,target_calibration_select,isotonic,192,0.04918322923767608,0.14287803602579233,False
Pima,model_c_extended_transport,Logistic Regression,target_calibration_select,beta,192,0.09158149355216341,0.14619645200217596,False
NHANES,model_c_extended_transport,Random Forest,target_calibration_select,uncalibrated,573,0.0931653285946448,0.09050256480305247,False
NHANES,model_c_extended_transport,Random Forest,target_calibration_select,platt,573,0.02866057993958386,0.07202824198295067,False
NHANES,model_c_extended_transport,Random Forest,target_calibration_select,temperature,573,0.102159067739636,0.0901824776286397,False
NHANES,model_c_extended_transport,Random Forest,target_calibration_select,isotonic,573,0.016320555959809437,0.07045162439398765,True
NHANES,model_c_extended_transport,Random Forest,target_calibration_select,beta,573,0.028474202727024382,0.07197105533600885,False
Pima,model_c_extended_transport,Random Forest,target_calibration_select,uncalibrated,192,0.10478279641954556,0.1821470194478009,False
Pima,model_c_extended_transport,Random Forest,target_calibration_select,platt,192,0.044812030583535695,0.17259075000371915,True
Pima,model_c_extended_transport,Random Forest,target_calibration_select,temperature,192,0.09078877745915247,0.17818491718568796,False
Pima,model_c_extended_transport,Random Forest,target_calibration_select,isotonic,192,0.06280209007176447,0.17252846745298211,False
Pima,model_c_extended_transport,Random Forest,target_calibration_select,beta,192,0.08179153835170963,0.17364090243480054,False
NHANES,model_c_extended_transport,XGBoost,target_calibration_select,uncalibrated,573,0.0766784341586432,0.07726920464713151,False
NHANES,model_c_extended_transport,XGBoost,target_calibration_select,platt,573,0.04797634747456853,0.06652316743587545,False
NHANES,model_c_extended_transport,XGBoost,target_calibration_select,temperature,573,0.04386370378097556,0.0668558339036906,False
NHANES,model_c_extended_transport,XGBoost,target_calibration_select,isotonic,573,0.028135492403397775,0.06448680468416212,True
NHANES,model_c_extended_transport,XGBoost,target_calibration_select,beta,573,0.032594148518391784,0.06526161478290772,False
Pima,model_c_extended_transport,XGBoost,target_calibration_select,uncalibrated,192,0.30624755831970185,0.2880146172506475,False
Pima,model_c_extended_transport,XGBoost,target_calibration_select,platt,192,0.1242265657062037,0.15991856820700587,False
Pima,model_c_extended_transport,XGBoost,target_calibration_select,temperature,192,0.1824896874118283,0.18648105752055724,False
Pima,model_c_extended_transport,XGBoost,target_calibration_select,isotonic,192,0.08534531277114946,0.1618944055387821,True
Pima,model_c_extended_transport,XGBoost,target_calibration_select,beta,192,0.1233858764306042,0.1600684890013112,False
NHANES,model_c_extended_transport,LightGBM,target_calibration_select,uncalibrated,573,0.09959563523823453,0.09523114728517394,False
NHANES,model_c_extended_transport,LightGBM,target_calibration_select,platt,573,0.017612717596788514,0.06853424415382563,True
NHANES,model_c_extended_transport,LightGBM,target_calibration_select,temperature,573,0.07740907435653338,0.08102151869316795,False
NHANES,model_c_extended_transport,LightGBM,target_calibration_select,isotonic,573,0.02269660332111128,0.06894422531586969,False
NHANES,model_c_extended_transport,LightGBM,target_calibration_select,beta,573,0.02066051001348875,0.06824318702926688,False
Pima,model_c_extended_transport,LightGBM,target_calibration_select,uncalibrated,192,0.16439414949026324,0.19734328414108857,False
Pima,model_c_extended_transport,LightGBM,target_calibration_select,platt,192,0.08184038645214958,0.18375076543002114,False
Pima,model_c_extended_transport,LightGBM,target_calibration_select,temperature,192,0.0976347884107505,0.18472505604126147,False
Pima,model_c_extended_transport,LightGBM,target_calibration_select,isotonic,192,0.07034351542172754,0.17574602063034375,True
Pima,model_c_extended_transport,LightGBM,target_calibration_select,beta,192,0.08762330400378152,0.18218791820321192,False
NHANES,model_c_extended_transport,CatBoost,target_calibration_select,uncalibrated,573,0.06243309724717652,0.0763678424746655,False
NHANES,model_c_extended_transport,CatBoost,target_calibration_select,platt,573,0.0263066395656883,0.07015711046363055,True
NHANES,model_c_extended_transport,CatBoost,target_calibration_select,temperature,573,0.039541443892045225,0.07190192595094917,False
NHANES,model_c_extended_transport,CatBoost,target_calibration_select,isotonic,573,0.034013427971390904,0.0707861038603285,False
NHANES,model_c_extended_transport,CatBoost,target_calibration_select,beta,573,0.032046204983788254,0.07029498065522301,False
Pima,model_c_extended_transport,CatBoost,target_calibration_select,uncalibrated,192,0.29690611033331077,0.2874136750893506,False
Pima,model_c_extended_transport,CatBoost,target_calibration_select,platt,192,0.057199465600237795,0.17206155071237994,True
Pima,model_c_extended_transport,CatBoost,target_calibration_select,temperature,192,0.11413893235058573,0.19225580111907506,False
Pima,model_c_extended_transport,CatBoost,target_calibration_select,isotonic,192,0.0738772598268076,0.17442594218247023,False
Pima,model_c_extended_transport,CatBoost,target_calibration_select,beta,192,0.06511551186788683,0.17263246722968492,False
