target_dataset,feature_set,model,scenario,calibration_method,n,roc_auc,pr_auc,accuracy,precision,sensitivity,specificity,f1_score,brier_score,log_loss,ece,mce,calibration_slope,calibration_intercept,tn,fp,fn,tp
NHANES,model_a_screening,Logistic Regression,naive_transfer,uncalibrated,1146,0.7754761704984057,0.40157771477528276,0.5549738219895288,0.27419354838709675,0.9257425742574258,0.475635593220339,0.4230769230769231,0.2849900822334099,0.8011152153057978,0.3772930793430946,0.5301504910407524,0.8904577287530652,-2.193449782132947,449,495,15,187
NHANES,model_a_screening,Logistic Regression,label_shift_adjusted,label_shift,1146,0.7754761704984057,0.40157771477528276,0.40663176265270506,0.2271689497716895,0.9851485148514851,0.2828389830508475,0.3692022263450835,0.40221685686508585,1.1523459247552448,0.5107756032819516,0.5996744498382977,0.8908267168090684,-2.897056352867496,267,677,3,199
NHANES,model_a_screening,Logistic Regression,fixed_recalibration_source_selected,beta,1146,0.7754761704984057,0.40157771477528276,0.8254799301919721,0.625,0.024752475247524754,0.996822033898305,0.047619047619047616,0.12503448800230402,0.3893449799840658,0.017339463032212094,0.14143569856542637,1.2185054963595037,0.2622981524994619,941,3,197,5
NHANES,model_a_screening,Logistic Regression,adaptive_calibration_target_selected,beta,1146,0.7754761704984057,0.40157771477528276,0.8254799301919721,0.625,0.024752475247524754,0.996822033898305,0.047619047619047616,0.12503448800230402,0.3893449799840658,0.017339463032212094,0.14143569856542637,1.2185054963595037,0.2622981524994619,941,3,197,5
Pima,model_a_screening,Logistic Regression,naive_transfer,uncalibrated,384,0.7062537313432835,0.49270676022428017,0.640625,0.4861111111111111,0.5223880597014925,0.704,0.5035971223021583,0.21764897353264248,0.624503645291112,0.12632429244830717,0.4196650209934438,0.6666403893884161,-0.496689039358396,176,74,64,70
Pima,model_a_screening,Logistic Regression,label_shift_adjusted,label_shift,384,0.7062537313432835,0.49270676022428017,0.4453125,0.3861671469740634,1.0,0.148,0.5571725571725572,0.3641617928874797,1.0603096230905726,0.40905977296074314,0.5024773976652802,0.6658594888091729,-1.6362712593795714,37,213,0,134
Pima,model_a_screening,Logistic Regression,fixed_recalibration_source_selected,beta,384,0.7062537313432835,0.49270676022428017,0.6510416666666666,0.5,0.373134328358209,0.8,0.42735042735042733,0.20620772715774952,0.5877105123890942,0.09914872408709463,0.2647932308811891,0.8110355244088275,-0.10415187579927401,200,50,84,50
Pima,model_a_screening,Logistic Regression,adaptive_calibration_target_selected,beta,384,0.7062537313432835,0.49270676022428017,0.6510416666666666,0.5,0.373134328358209,0.8,0.42735042735042733,0.20620772715774952,0.5877105123890942,0.09914872408709463,0.2647932308811891,0.8110355244088275,-0.10415187579927401,200,50,84,50
NHANES,model_a_screening,Random Forest,naive_transfer,uncalibrated,1146,0.776559091290485,0.38727701503880557,0.5479930191972077,0.27363896848137537,0.9455445544554455,0.4629237288135593,0.42444444444444446,0.2666813786955085,0.733611040324248,0.3581613134832254,0.4688058677112765,1.2127697106735131,-2.209045925833772,437,507,11,191
NHANES,model_a_screening,Random Forest,label_shift_adjusted,label_shift,1146,0.776559091290485,0.38727701503880557,0.4109947643979058,0.22847301951779564,0.9851485148514851,0.288135593220339,0.37092264678471576,0.3905865478860303,1.0737644547220906,0.5012901767132764,0.5736082328916413,1.2131418224731407,-3.166687774191705,272,672,3,199
NHANES,model_a_screening,Random Forest,fixed_recalibration_source_selected,platt,1146,0.776559091290485,0.38727701503880557,0.8263525305410122,0.8,0.019801980198019802,0.9989406779661016,0.03864734299516908,0.12603907949158605,0.391079809944685,0.022073494604359332,0.2865973851200435,1.1446694958736052,0.18643467985612172,943,1,198,4
NHANES,model_a_screening,Random Forest,adaptive_calibration_target_selected,isotonic,1146,0.7759953431783857,0.3699142259921272,0.824607329842932,0.5217391304347826,0.0594059405940594,0.9883474576271186,0.10666666666666667,0.1249691214093021,0.3855436695353555,0.008798171950690138,0.37075873568309603,1.0615713895518304,0.06716953359314361,933,11,190,12
Pima,model_a_screening,Random Forest,naive_transfer,uncalibrated,384,0.7178358208955223,0.4993196326983308,0.6666666666666666,0.53,0.39552238805970147,0.812,0.452991452991453,0.20756182460977032,0.596507560911541,0.09266594539125017,0.41059072030118066,0.7346405320003815,-0.18470095591484834,203,47,81,53
Pima,model_a_screening,Random Forest,label_shift_adjusted,label_shift,384,0.7178358208955223,0.4993196326983308,0.5130208333333334,0.4174454828660436,1.0,0.252,0.589010989010989,0.31664266485384035,0.9025521796393208,0.34743981808767754,0.43080191004495416,0.7350282304728453,-1.4427929936426638,63,187,0,134
Pima,model_a_screening,Random Forest,fixed_recalibration_source_selected,platt,384,0.7178358208955223,0.4993196326983308,0.6614583333333334,0.5256410256410257,0.30597014925373134,0.852,0.3867924528301887,0.20502435748503797,0.5906640427373673,0.1075136103904196,0.23259105235333943,0.9156855896792174,-0.007724198911272788,213,37,93,41
Pima,model_a_screening,Random Forest,adaptive_calibration_target_selected,uncalibrated,384,0.7178358208955223,0.4993196326983308,0.6666666666666666,0.53,0.39552238805970147,0.812,0.452991452991453,0.20756182460977032,0.596507560911541,0.09266594539125017,0.41059072030118066,0.7346405320003815,-0.18470095591484834,203,47,81,53
NHANES,model_a_screening,XGBoost,naive_transfer,uncalibrated,1146,0.7799756670582312,0.4117269469904186,0.8254799301919721,0.53125,0.08415841584158416,0.9841101694915254,0.1452991452991453,0.12431902438402176,0.3878919605701368,0.018425522145797315,0.10498707231722382,0.9701052838175729,0.08752619637513924,929,15,185,17
NHANES,model_a_screening,XGBoost,label_shift_adjusted,label_shift,1146,0.7799756670582312,0.4117269469904186,0.7975567190226877,0.4147727272727273,0.3613861386138614,0.8908898305084746,0.3862433862433862,0.1360680145278428,0.4162995812453716,0.09228691992212691,0.24507304861429036,0.9698471190407051,-0.6776411208794371,841,103,129,73
NHANES,model_a_screening,XGBoost,fixed_recalibration_source_selected,beta,1146,0.7799756670582312,0.4117269469904186,0.824607329842932,1.0,0.0049504950495049506,1.0,0.009852216748768473,0.12444187608802867,0.38773942167170444,0.022127496973348447,0.49952870917391634,1.1613191000584073,0.20902781283556893,944,0,201,1
NHANES,model_a_screening,XGBoost,adaptive_calibration_target_selected,temperature,1146,0.7799756670582312,0.4117269469904186,0.8254799301919721,0.53125,0.08415841584158416,0.9841101694915254,0.1452991452991453,0.1239773494055907,0.3872570877360341,0.01729985966908031,0.08648601338503803,1.0882404945417168,0.08721353301130085,929,15,185,17
Pima,model_a_screening,XGBoost,naive_transfer,uncalibrated,384,0.7179253731343284,0.4997622041086106,0.6510416666666666,0.5,0.007462686567164179,0.996,0.014705882352941176,0.2888287603855133,0.9706928123934548,0.27016065683710627,0.4088538515347022,0.5673680174169223,1.0566797412295996,249,1,133,1
Pima,model_a_screening,XGBoost,label_shift_adjusted,label_shift,384,0.7179253731343284,0.4997622041086106,0.65625,0.5151515151515151,0.2537313432835821,0.872,0.34,0.22546404182995639,0.6451177028459452,0.14707570002087136,0.4440890474465483,0.5672146069668881,0.08535103274250426,218,32,100,34
Pima,model_a_screening,XGBoost,fixed_recalibration_source_selected,beta,384,0.7179253731343284,0.4997622041086106,0.6614583333333334,0.5217391304347826,0.3582089552238806,0.824,0.4247787610619469,0.20463360584277593,0.5892207864982851,0.09595847769788768,0.3149735207050878,0.9225756336277837,-0.009583406986145248,206,44,86,48
Pima,model_a_screening,XGBoost,adaptive_calibration_target_selected,platt,384,0.7179253731343284,0.4997622041086106,0.6640625,0.5287356321839081,0.34328358208955223,0.836,0.416289592760181,0.20663266354948365,0.594526673831551,0.11207877328222668,0.24013462177324618,0.8814953965816458,-0.03728418167399728,209,41,88,46
NHANES,model_a_screening,LightGBM,naive_transfer,uncalibrated,1146,0.7761054707165632,0.41050128747015463,0.5523560209424084,0.26825633383010433,0.8910891089108911,0.4798728813559322,0.41237113402061853,0.27209784826165595,0.7503149688842518,0.35040027189853573,0.5182196191504803,0.9561001521717847,-2.122437334726934,453,491,22,180
NHANES,model_a_screening,LightGBM,label_shift_adjusted,label_shift,1146,0.7761054707165632,0.41050128747015463,0.4511343804537522,0.23995127892813642,0.9752475247524752,0.3389830508474576,0.38514173998044965,0.3807906659986697,1.0780631480102156,0.47820647672944105,0.6330868251198146,0.9546509380521843,-2.873466361741547,320,624,5,197
NHANES,model_a_screening,LightGBM,fixed_recalibration_source_selected,platt,1146,0.7761054707165632,0.41050128747015463,0.8289703315881326,0.7142857142857143,0.04950495049504951,0.9957627118644068,0.09259259259259259,0.12484984880156624,0.3904793809446899,0.011969476724730064,0.3988221421541027,1.127108651224537,0.1761712315576188,940,4,192,10
NHANES,model_a_screening,LightGBM,adaptive_calibration_target_selected,platt,1146,0.7761054707165632,0.41050128747015463,0.8289703315881326,0.7142857142857143,0.04950495049504951,0.9957627118644068,0.09259259259259259,0.12484984880156624,0.3904793809446899,0.011969476724730064,0.3988221421541027,1.127108651224537,0.1761712315576188,940,4,192,10
Pima,model_a_screening,LightGBM,naive_transfer,uncalibrated,384,0.7079850746268657,0.49712674330592393,0.6588541666666666,0.5142857142857142,0.40298507462686567,0.796,0.45188284518828453,0.21899480075080033,0.626937920287384,0.11956361159590698,0.3848949789568627,0.5308780791314754,-0.2367222317443794,199,51,80,54
Pima,model_a_screening,LightGBM,label_shift_adjusted,label_shift,384,0.7079850746268657,0.49712674330592393,0.6171875,0.4743083003952569,0.8955223880597015,0.468,0.6201550387596899,0.2905919310384942,0.8724761273927082,0.2955609562581033,0.41651948128141636,0.5308740944119226,-1.145235847594753,117,133,14,120
Pima,model_a_screening,LightGBM,fixed_recalibration_source_selected,platt,384,0.7079850746268657,0.49712674330592393,0.6588541666666666,0.5176470588235295,0.3283582089552239,0.836,0.4018264840182648,0.2064016108621369,0.5947221747013227,0.08425655778509213,0.301939054638027,0.8934882438705394,-0.02300654065372308,209,41,90,44
Pima,model_a_screening,LightGBM,adaptive_calibration_target_selected,beta,384,0.7079850746268657,0.49712674330592393,0.6536458333333334,0.5054945054945055,0.34328358208955223,0.82,0.4088888888888889,0.20343240364506743,0.5871746076185859,0.06963379246090781,0.16008212335382366,0.9500842768943765,0.015879264181660125,205,45,88,46
NHANES,model_a_screening,CatBoost,naive_transfer,uncalibrated,1146,0.7796846157073334,0.40533113023259665,0.8254799301919721,0.5384615384615384,0.06930693069306931,0.9872881355932204,0.12280701754385964,0.12448726718455336,0.38846800209988025,0.018020699068099326,0.23297477685971635,1.0064224054421098,0.12104914172233776,932,12,188,14
NHANES,model_a_screening,CatBoost,label_shift_adjusted,label_shift,1146,0.7796846157073334,0.40533113023259665,0.8019197207678883,0.42424242424242425,0.3465346534653465,0.899364406779661,0.3814713896457766,0.13643379254782012,0.4187010626397013,0.09574260130780635,0.19942524985820553,1.0060190821875894,-0.6727925896142942,849,95,132,70
NHANES,model_a_screening,CatBoost,fixed_recalibration_source_selected,uncalibrated,1146,0.7796846157073334,0.40533113023259665,0.8254799301919721,0.5384615384615384,0.06930693069306931,0.9872881355932204,0.12280701754385964,0.12448726718455336,0.38846800209988025,0.018020699068099326,0.23297477685971635,1.0064224054421098,0.12104914172233776,932,12,188,14
NHANES,model_a_screening,CatBoost,adaptive_calibration_target_selected,isotonic,1146,0.7709347205907031,0.3734891636140452,0.8272251308900523,0.6,0.0594059405940594,0.9915254237288136,0.10810810810810811,0.12528102492572546,0.39782116916937715,0.009566273164796238,0.066072768043822,0.9075730888922937,-0.10500969343269095,936,8,190,12
Pima,model_a_screening,CatBoost,naive_transfer,uncalibrated,384,0.7011940298507463,0.48586097735190326,0.6510416666666666,0.0,0.0,1.0,0.0,0.2899372766251305,0.9687833696662977,0.26965187380807704,0.41671645119551215,0.5765042454238389,1.0668517304658185,250,0,134,0
Pima,model_a_screening,CatBoost,label_shift_adjusted,label_shift,384,0.7011940298507463,0.48586097735190326,0.6588541666666666,0.5223880597014925,0.26119402985074625,0.872,0.3482587064676617,0.2253581231517193,0.6423062475444051,0.1344222392301299,0.32811913884826827,0.576369595436935,0.07988168203132626,218,32,99,35
Pima,model_a_screening,CatBoost,fixed_recalibration_source_selected,uncalibrated,384,0.7011940298507463,0.48586097735190326,0.6510416666666666,0.0,0.0,1.0,0.0,0.2899372766251305,0.9687833696662977,0.26965187380807704,0.41671645119551215,0.5765042454238389,1.0668517304658185,250,0,134,0
Pima,model_a_screening,CatBoost,adaptive_calibration_target_selected,platt,384,0.7011940298507463,0.48586097735190326,0.6432291666666666,0.4819277108433735,0.29850746268656714,0.828,0.3686635944700461,0.20881539277284436,0.5979826289537705,0.10925816002009146,0.24232847984217154,0.834217324997576,-0.06349335357855827,207,43,94,40
NHANES,model_b_routine_clinical,Logistic Regression,naive_transfer,uncalibrated,1146,0.9426130642725288,0.8081066218502062,0.8926701570680629,0.6513409961685823,0.8415841584158416,0.9036016949152542,0.734341252699784,0.08210903505043801,0.30940499327564025,0.0941438090390086,0.37045183933605647,0.6847173931457572,-1.3740483888670756,853,91,32,170
NHANES,model_b_routine_clinical,Logistic Regression,label_shift_adjusted,label_shift,1146,0.9426130642725289,0.806479903939923,0.8429319371727748,0.5317919075144508,0.9108910891089109,0.8283898305084746,0.6715328467153284,0.11436279406962682,0.4101807058748184,0.16552706104180775,0.5145414722355832,0.6867963586168118,-1.915658715379644,782,162,18,184
NHANES,model_b_routine_clinical,Logistic Regression,fixed_recalibration_source_selected,beta,1146,0.9426130642725289,0.806479903939923,0.9092495636998255,0.8141025641025641,0.6287128712871287,0.9692796610169492,0.7094972067039106,0.06574636519779489,0.2235114340407211,0.023467046369069617,0.13252145201119914,1.0837054310193008,0.12869767745867186,915,29,75,127
NHANES,model_b_routine_clinical,Logistic Regression,adaptive_calibration_target_selected,isotonic,1146,0.9386170078872293,0.7781389832471306,0.9092495636998255,0.810126582278481,0.6336633663366337,0.9682203389830508,0.7111111111111111,0.06697051716693833,0.24432805450130443,0.019071402285973163,0.18881745983213738,0.8762042968699797,-0.03183716188952628,914,30,74,128
Pima,model_b_routine_clinical,Logistic Regression,naive_transfer,uncalibrated,384,0.8059402985074628,0.6352730123266837,0.7213541666666666,0.6483516483516484,0.44029850746268656,0.872,0.5244444444444445,0.1813104633837397,0.5345716147682485,0.09716003448433903,0.3613093573672379,0.7512993327663324,0.20059992470141438,218,32,75,59
Pima,model_b_routine_clinical,Logistic Regression,label_shift_adjusted,label_shift,384,0.8059402985074628,0.6352730123266837,0.71875,0.5607476635514018,0.8955223880597015,0.624,0.6896551724137931,0.21250332791107737,0.6494703470897077,0.20115845769051724,0.3929883252754085,0.7513310230659768,-1.0853951334676355,156,94,14,120
Pima,model_b_routine_clinical,Logistic Regression,fixed_recalibration_source_selected,beta,384,0.8059402985074628,0.6352730123266837,0.7369791666666666,0.632,0.5895522388059702,0.816,0.61003861003861,0.17171943105091428,0.507573474314916,0.040261455383413754,0.18383555589678313,0.9019038335531162,-0.11482405131313222,204,46,55,79
Pima,model_b_routine_clinical,Logistic Regression,adaptive_calibration_target_selected,platt,384,0.8059402985074628,0.6352730123266837,0.7369791666666666,0.6434782608695652,0.5522388059701493,0.836,0.5943775100401606,0.17340175871558192,0.5150466702657844,0.06314012486105988,0.30549993842910883,0.8686971722136974,-0.1320837085193687,209,41,60,74
NHANES,model_b_routine_clinical,Random Forest,naive_transfer,uncalibrated,1146,0.9268438496392013,0.7507084066629477,0.8699825479930192,0.6015325670498084,0.7772277227722773,0.8898305084745762,0.6781857451403888,0.08815358036172116,0.2924880625228543,0.07734489287187239,0.5407274847514392,0.8650136306451318,-1.043207223416312,840,104,45,157
NHANES,model_b_routine_clinical,Random Forest,label_shift_adjusted,label_shift,1146,0.9268438496392013,0.7507084066629477,0.8638743455497382,0.5782312925170068,0.8415841584158416,0.8686440677966102,0.6854838709677419,0.11264301872737363,0.3817985791353242,0.15314991930116495,0.4655256911004929,0.864977841425993,-1.725699418422427,820,124,32,170
NHANES,model_b_routine_clinical,Random Forest,fixed_recalibration_source_selected,isotonic,1146,0.922842549085417,0.7272523972588517,0.9057591623036649,0.873015873015873,0.5445544554455446,0.9830508474576272,0.6707317073170732,0.07278207843323801,0.26756537953723314,0.016693413525971833,0.5,0.8854610854667849,0.056313526416384596,928,16,92,110
NHANES,model_b_routine_clinical,Random Forest,adaptive_calibration_target_selected,isotonic,1146,0.922842549085417,0.7272523972588517,0.9057591623036649,0.873015873015873,0.5445544554455446,0.9830508474576272,0.6707317073170732,0.07278207843323801,0.26756537953723314,0.016693413525971833,0.5,0.8854610854667849,0.056313526416384596,928,16,92,110
Pima,model_b_routine_clinical,Random Forest,naive_transfer,uncalibrated,384,0.795910447761194,0.6017576642683192,0.6822916666666666,0.62,0.23134328358208955,0.924,0.33695652173913043,0.1951174328211985,0.5632781533869856,0.12924509635181716,0.30841199619569964,0.9229909840305366,0.5858292470771751,231,19,103,31
Pima,model_b_routine_clinical,Random Forest,label_shift_adjusted,label_shift,384,0.795910447761194,0.6017576642683192,0.7161458333333334,0.5634517766497462,0.8283582089552238,0.656,0.6706948640483383,0.207158837266326,0.6216971440805633,0.18639016938021344,0.36529926837336035,0.9227004703372579,-0.9942238496489777,164,86,23,111
Pima,model_b_routine_clinical,Random Forest,fixed_recalibration_source_selected,isotonic,384,0.7906567164179104,0.5837545992398786,0.7161458333333334,0.6146788990825688,0.5,0.832,0.551440329218107,0.17904587054499613,0.5532068414769501,0.07488392188243181,0.3910924290156039,0.7679965832810609,-0.10958685104393971,208,42,67,67
Pima,model_b_routine_clinical,Random Forest,adaptive_calibration_target_selected,platt,384,0.795910447761194,0.6017576642683192,0.7109375,0.6185567010309279,0.44776119402985076,0.852,0.5194805194805194,0.17765762119447445,0.527757211217204,0.07688926641385904,0.23347108413490947,1.1573872631774198,0.04664224469858713,213,37,74,60
NHANES,model_b_routine_clinical,XGBoost,naive_transfer,uncalibrated,1146,0.9352843388152374,0.7682287399776372,0.9092495636998255,0.8656716417910447,0.5742574257425742,0.9809322033898306,0.6904761904761905,0.08198617398738861,0.5244504979381016,0.0791127407031533,0.4622858166694641,0.32759738048046244,0.32242708503698353,926,18,86,116
NHANES,model_b_routine_clinical,XGBoost,label_shift_adjusted,label_shift,1146,0.9352843388152374,0.7682287399776372,0.9057591623036649,0.8175675675675675,0.599009900990099,0.9713983050847458,0.6914285714285714,0.0786798817546567,0.48632424920810596,0.07454088226189001,0.379435559072854,0.32759505755703505,0.06410916202129567,917,27,81,121
NHANES,model_b_routine_clinical,XGBoost,fixed_recalibration_source_selected,uncalibrated,1146,0.9352843388152374,0.7682287399776372,0.9092495636998255,0.8656716417910447,0.5742574257425742,0.9809322033898306,0.6904761904761905,0.08198617098174915,0.5244504976835159,0.0791127407031533,0.4622858166694641,0.3275973800938994,0.3224270836136076,926,18,86,116
NHANES,model_b_routine_clinical,XGBoost,adaptive_calibration_target_selected,beta,1146,0.9352843388152374,0.7682287399776372,0.9109947643979057,0.7631578947368421,0.7178217821782178,0.9523305084745762,0.7397959183673469,0.06862555850703761,0.23531872184380467,0.026943780116822802,0.14659446934329856,1.0140011973797232,0.047371121448633584,899,45,57,145
Pima,model_b_routine_clinical,XGBoost,naive_transfer,uncalibrated,384,0.7739253731343284,0.5882527997713666,0.65625,1.0,0.014925373134328358,1.0,0.029411764705882353,0.30551424622535706,1.51657828097834,0.310979836539578,0.476429184570032,0.32931754154345194,1.2132136829780373,250,0,132,2
Pima,model_b_routine_clinical,XGBoost,label_shift_adjusted,label_shift,384,0.7739253731343284,0.5882527997713666,0.6692708333333334,0.6060606060606061,0.14925373134328357,0.948,0.23952095808383234,0.2458016495749872,1.0614361401863674,0.23108750898055297,0.4692532836288751,0.3292457291677226,0.6492363122942947,237,13,114,20
Pima,model_b_routine_clinical,XGBoost,fixed_recalibration_source_selected,uncalibrated,384,0.7739253731343284,0.5882527997713666,0.65625,1.0,0.014925373134328358,1.0,0.029411764705882353,0.3055142465932384,1.5165782808677284,0.310979836539578,0.476429184570032,0.32931754213763104,1.2132136852953546,250,0,132,2
Pima,model_b_routine_clinical,XGBoost,adaptive_calibration_target_selected,isotonic,384,0.7684477611940299,0.5663532839715028,0.7369791666666666,0.6122448979591837,0.6716417910447762,0.772,0.6405693950177936,0.1816858837574323,0.5840989556639163,0.06670633233391758,0.49999899999999997,0.5410112401590925,-0.2082166983602048,193,57,44,90
NHANES,model_b_routine_clinical,LightGBM,naive_transfer,uncalibrated,1146,0.9153460102366169,0.7633920961425558,0.87521815008726,0.6130268199233716,0.7920792079207921,0.8930084745762712,0.6911447084233261,0.09245859465167135,0.5163759199559471,0.08928196609982714,0.457075735023045,0.27494612983593186,-0.794117636244046,843,101,42,160
NHANES,model_b_routine_clinical,LightGBM,label_shift_adjusted,label_shift,1146,0.9153460102366169,0.7633920961425558,0.8699825479930192,0.5936395759717314,0.8316831683168316,0.878177966101695,0.6927835051546392,0.10538253495222238,0.551227742900953,0.10741695844775823,0.5631984688180762,0.2749461724891193,-1.0109300529811558,829,115,34,168
NHANES,model_b_routine_clinical,LightGBM,fixed_recalibration_source_selected,beta,1146,0.9153460102366169,0.7633920961425558,0.9075043630017452,0.8636363636363636,0.5643564356435643,0.9809322033898306,0.6826347305389222,0.07215460057930106,0.2522684027807194,0.01244852776651228,0.08945350307116456,1.0444019376503677,0.22382988649974772,926,18,88,114
NHANES,model_b_routine_clinical,LightGBM,adaptive_calibration_target_selected,platt,1146,0.9153460102366169,0.7633920961425558,0.9075043630017452,0.8636363636363636,0.5643564356435643,0.9809322033898306,0.6826347305389222,0.07182171545866763,0.25146432242286093,0.011184169299360171,0.24974090001717492,1.037431705652147,0.19907531453915067,926,18,88,114
Pima,model_b_routine_clinical,LightGBM,naive_transfer,uncalibrated,384,0.7665820895522388,0.5957504338652172,0.7005208333333334,0.6507936507936508,0.30597014925373134,0.912,0.41624365482233505,0.2112352160869473,0.900870319415724,0.1724260783669002,0.41129005811567493,0.27745770831906974,0.3427425160351465,228,22,93,41
Pima,model_b_routine_clinical,LightGBM,label_shift_adjusted,label_shift,384,0.7665820895522388,0.5957504338652172,0.7447916666666666,0.6232876712328768,0.6791044776119403,0.78,0.65,0.19719513151844556,0.7954517365876703,0.13782746980204436,0.5023477004741637,0.27744341585925253,-0.13233804741711683,195,55,43,91
Pima,model_b_routine_clinical,LightGBM,fixed_recalibration_source_selected,beta,384,0.7665820895522388,0.5957504338652172,0.7161458333333334,0.6344086021505376,0.44029850746268656,0.864,0.5198237885462555,0.1816164655429623,0.5428910812809894,0.08459843113008171,0.28165888848725595,1.268626948284467,0.060574572747270745,216,34,75,59
Pima,model_b_routine_clinical,LightGBM,adaptive_calibration_target_selected,isotonic,384,0.7585970149253731,0.5680755421177343,0.6979166666666666,0.6451612903225806,0.29850746268656714,0.912,0.40816326530612246,0.1895974230858076,0.6177199115716946,0.07007512152229492,0.33333233333333334,0.549391159474657,-0.31544290050293866,228,22,94,40
NHANES,model_b_routine_clinical,CatBoost,naive_transfer,uncalibrated,1146,0.9221712955193825,0.7766963518481085,0.9075043630017452,0.8529411764705882,0.5742574257425742,0.9788135593220338,0.6863905325443787,0.07708812367638856,0.3548639304513448,0.05919495855631954,0.32369313329865357,0.4027259519453736,-0.36198291908154023,924,20,86,116
NHANES,model_b_routine_clinical,CatBoost,label_shift_adjusted,label_shift,1146,0.9221712955193825,0.7766963518481085,0.900523560209424,0.7588235294117647,0.6386138613861386,0.9565677966101694,0.6935483870967742,0.07558013780883267,0.34144943868258254,0.04923644793401144,0.22509681347594107,0.40266140591328203,-0.6795936438638663,903,41,73,129
NHANES,model_b_routine_clinical,CatBoost,fixed_recalibration_source_selected,temperature,1146,0.9221712955193825,0.7766963518481085,0.9075043630017452,0.8529411764705882,0.5742574257425742,0.9788135593220338,0.6863905325443787,0.0718152285050741,0.24900489926522038,0.02574346005174858,0.31903199451506237,0.942333297199569,-0.3628614091142583,924,20,86,116
NHANES,model_b_routine_clinical,CatBoost,adaptive_calibration_target_selected,platt,1146,0.9221712955193825,0.7766963518481085,0.9066317626527051,0.8625954198473282,0.5594059405940595,0.9809322033898306,0.6786786786786787,0.07235254991196892,0.24689302777596683,0.021513508598775703,0.5765869047869403,1.0841794113406853,0.26939599331775493,926,18,89,113
Pima,model_b_routine_clinical,CatBoost,naive_transfer,uncalibrated,384,0.7861492537313434,0.5900962274165857,0.6536458333333334,1.0,0.007462686567164179,1.0,0.014814814814814815,0.29751841173312593,1.1484994924615748,0.2972352836080966,0.4901519485084421,0.4808733162502348,1.442181971674092,250,0,133,1
Pima,model_b_routine_clinical,CatBoost,label_shift_adjusted,label_shift,384,0.7861492537313434,0.5900962274165857,0.6692708333333334,0.5853658536585366,0.1791044776119403,0.932,0.2742857142857143,0.2228735091451101,0.7289287815955294,0.18629324608894288,0.49112644867171,0.48078600987345177,0.6189069900899712,233,17,110,24
Pima,model_b_routine_clinical,CatBoost,fixed_recalibration_source_selected,temperature,384,0.7861492537313434,0.5900962274165857,0.6536458333333334,1.0,0.007462686567164179,1.0,0.014814814814814815,0.19530030945075225,0.5680003696016039,0.13699150283370812,0.49811973431237555,2.5160876130127283,1.440057447720006,250,0,133,1
Pima,model_b_routine_clinical,CatBoost,adaptive_calibration_target_selected,platt,384,0.7861492537313434,0.5900962274165857,0.734375,0.625,0.5970149253731343,0.808,0.6106870229007634,0.17638413135057696,0.5230942840833167,0.06290256220975263,0.20323805751543303,1.1366292581177604,-0.03628567797839461,202,48,54,80
NHANES,model_c_extended_transport,Logistic Regression,naive_transfer,uncalibrated,1146,0.9426130642725288,0.8081066218502062,0.8926701570680629,0.6513409961685823,0.8415841584158416,0.9036016949152542,0.734341252699784,0.08210903505043798,0.3094049932756402,0.09414380903900853,0.37045183933605635,0.6847173931457571,-1.3740483888670751,853,91,32,170
NHANES,model_c_extended_transport,Logistic Regression,label_shift_adjusted,label_shift,1146,0.9426130642725289,0.806479903939923,0.8429319371727748,0.5317919075144508,0.9108910891089109,0.8283898305084746,0.6715328467153284,0.11436279406962678,0.4101807058748183,0.1655270610418077,0.5145414722355831,0.6867963586168118,-1.9156587153796434,782,162,18,184
NHANES,model_c_extended_transport,Logistic Regression,fixed_recalibration_source_selected,beta,1146,0.9426130642725289,0.806479903939923,0.9092495636998255,0.8141025641025641,0.6287128712871287,0.9692796610169492,0.7094972067039106,0.06574636519779489,0.2235114340407211,0.02346704636906961,0.13252145201119903,1.083705431019301,0.1286976774586721,915,29,75,127
NHANES,model_c_extended_transport,Logistic Regression,adaptive_calibration_target_selected,isotonic,1146,0.9386170078872293,0.7781389832471306,0.9092495636998255,0.810126582278481,0.6336633663366337,0.9682203389830508,0.7111111111111111,0.06697051716693835,0.24432805450130443,0.01907140228597317,0.18881745983213738,0.8762042968699796,-0.031837161889526185,914,30,74,128
Pima,model_c_extended_transport,Logistic Regression,naive_transfer,uncalibrated,384,0.8059402985074628,0.6352730123266837,0.7213541666666666,0.6483516483516484,0.44029850746268656,0.872,0.5244444444444445,0.18131046338373977,0.5345716147682485,0.0971600344843391,0.3613093573672378,0.7512993327663325,0.20059992470141502,218,32,75,59
Pima,model_c_extended_transport,Logistic Regression,label_shift_adjusted,label_shift,384,0.8059402985074628,0.6352730123266837,0.71875,0.5607476635514018,0.8955223880597015,0.624,0.6896551724137931,0.21250332791107732,0.6494703470897076,0.2011584576905171,0.39298832527540833,0.7513310230659771,-1.085395133467635,156,94,14,120
Pima,model_c_extended_transport,Logistic Regression,fixed_recalibration_source_selected,beta,384,0.8059402985074628,0.6352730123266837,0.7369791666666666,0.632,0.5895522388059702,0.816,0.61003861003861,0.17171943105091428,0.507573474314916,0.04026145538341377,0.18383555589678313,0.9019038335531163,-0.11482405131313213,204,46,55,79
Pima,model_c_extended_transport,Logistic Regression,adaptive_calibration_target_selected,platt,384,0.8059402985074628,0.6352730123266837,0.7369791666666666,0.6434782608695652,0.5522388059701493,0.836,0.5943775100401606,0.17340175871558186,0.5150466702657844,0.06314012486105987,0.3054999384291087,0.8686971722136974,-0.13208370851936868,209,41,60,74
NHANES,model_c_extended_transport,Random Forest,naive_transfer,uncalibrated,1146,0.9245862351065615,0.7529586166521371,0.8691099476439791,0.5962962962962963,0.7970297029702971,0.8845338983050848,0.6822033898305084,0.08785591694546867,0.2931931365947634,0.07659718299480937,0.5653150017340922,0.8353926062831682,-1.0576468387428142,835,109,41,161
NHANES,model_c_extended_transport,Random Forest,label_shift_adjusted,label_shift,1146,0.9245862351065615,0.7529586166521371,0.8638743455497382,0.5787671232876712,0.8366336633663366,0.8697033898305084,0.6842105263157895,0.1116802646109109,0.380734027573069,0.1491896192974036,0.42447597208045584,0.8353197768152018,-1.7174953247011255,821,123,33,169
NHANES,model_c_extended_transport,Random Forest,fixed_recalibration_source_selected,isotonic,1146,0.9241090157744588,0.7291644660915568,0.9040139616055847,0.8709677419354839,0.5346534653465347,0.9830508474576272,0.6625766871165644,0.07332662827285649,0.2708583456450915,0.017999162415020527,0.23809523809523808,0.8637255903444988,0.009538955729480448,928,16,94,108
NHANES,model_c_extended_transport,Random Forest,adaptive_calibration_target_selected,isotonic,1146,0.9241090157744588,0.7291644660915568,0.9040139616055847,0.8709677419354839,0.5346534653465347,0.9830508474576272,0.6625766871165644,0.07332662827285649,0.2708583456450915,0.017999162415020527,0.23809523809523808,0.8637255903444988,0.009538955729480448,928,16,94,108
Pima,model_c_extended_transport,Random Forest,naive_transfer,uncalibrated,384,0.7980298507462686,0.6069844019854415,0.6927083333333334,0.6481481481481481,0.26119402985074625,0.924,0.3723404255319149,0.19346233489623818,0.5606878556066887,0.12488168558683964,0.2442801679782623,0.9243626821449471,0.5755058491063271,231,19,99,35
Pima,model_c_extended_transport,Random Forest,label_shift_adjusted,label_shift,384,0.7980298507462686,0.6069844019854415,0.71875,0.5670103092783505,0.8208955223880597,0.664,0.6707317073170732,0.20687127464717184,0.6225794687836156,0.1883470710074359,0.34173413294817434,0.924127949407293,-1.0068423791051946,166,84,24,110
Pima,model_c_extended_transport,Random Forest,fixed_recalibration_source_selected,isotonic,384,0.7868358208955224,0.5778090733856573,0.7213541666666666,0.608,0.5671641791044776,0.804,0.5868725868725869,0.17936278030843544,0.5530964336716795,0.03897041668812051,0.33333233333333334,0.7521542938305805,-0.13105846955893924,201,49,58,76
Pima,model_c_extended_transport,Random Forest,adaptive_calibration_target_selected,platt,384,0.7980298507462686,0.6069844019854415,0.7109375,0.6138613861386139,0.4626865671641791,0.844,0.5276595744680851,0.1768092646729679,0.5268199995232362,0.07641609500040697,0.2521335967345323,1.1614205221441207,0.039427782979176304,211,39,72,62
NHANES,model_c_extended_transport,XGBoost,naive_transfer,uncalibrated,1146,0.9356488085249203,0.7707116873268424,0.9092495636998255,0.8656716417910447,0.5742574257425742,0.9809322033898306,0.6904761904761905,0.08183926343917847,0.5204601687385947,0.07761140125609034,0.47379061579704285,0.33161775272919425,0.31698565770628395,926,18,86,116
NHANES,model_c_extended_transport,XGBoost,label_shift_adjusted,label_shift,1146,0.9356488085249203,0.7707116873268424,0.9066317626527051,0.8187919463087249,0.6039603960396039,0.9713983050847458,0.6951566951566952,0.07853249192113065,0.48247707190817074,0.07313661013382733,0.3640761258400312,0.33154374141571935,0.054506861383744915,917,27,80,122
NHANES,model_c_extended_transport,XGBoost,fixed_recalibration_source_selected,uncalibrated,1146,0.9356488085249203,0.7707116873268424,0.9092495636998255,0.8656716417910447,0.5742574257425742,0.9809322033898306,0.6904761904761905,0.08183926769229816,0.5204601687272115,0.07761140125609034,0.47379061579704285,0.3316177531518052,0.31698566045460264,926,18,86,116
NHANES,model_c_extended_transport,XGBoost,adaptive_calibration_target_selected,isotonic,1146,0.9346602827655647,0.753408081975358,0.9109947643979057,0.7840909090909091,0.6831683168316832,0.9597457627118644,0.7301587301587301,0.06942905842455718,0.24407361067601818,0.0134930457914198,0.4244028870281091,0.9148430016878865,-0.02901705558587808,906,38,64,138
Pima,model_c_extended_transport,XGBoost,naive_transfer,uncalibrated,384,0.7718656716417911,0.5904035095631701,0.6536458333333334,1.0,0.007462686567164179,1.0,0.014814814814814815,0.3056090772151947,1.5242887251382176,0.3069387658327022,0.493452250957489,0.3244262550147982,1.19417520983823,250,0,133,1
Pima,model_c_extended_transport,XGBoost,label_shift_adjusted,label_shift,384,0.7718656716417911,0.5904035095631701,0.6692708333333334,0.6060606060606061,0.14925373134328357,0.948,0.23952095808383234,0.24492209815885735,1.0683086854622041,0.22620419550805115,0.41194022567275473,0.32445296900669773,0.6391615773388102,237,13,114,20
Pima,model_c_extended_transport,XGBoost,fixed_recalibration_source_selected,uncalibrated,384,0.7718656716417911,0.5904035095631701,0.6536458333333334,1.0,0.007462686567164179,1.0,0.014814814814814815,0.3056090886538613,1.5242887244123666,0.3069387658327022,0.493452250957489,0.32442625558290294,1.1941752120056621,250,0,133,1
Pima,model_c_extended_transport,XGBoost,adaptive_calibration_target_selected,isotonic,384,0.768089552238806,0.5683969705339348,0.7369791666666666,0.6122448979591837,0.6716417910447762,0.772,0.6405693950177936,0.1854817541314376,0.5957792994051601,0.07113578705071927,0.3999990000000001,0.4268944306769881,-0.2576267550903842,193,57,44,90
NHANES,model_c_extended_transport,LightGBM,naive_transfer,uncalibrated,1146,0.9153460102366169,0.7633920961425558,0.87521815008726,0.6130268199233716,0.7920792079207921,0.8930084745762712,0.6911447084233261,0.09245859465167135,0.5163759199559471,0.08928196609982714,0.457075735023045,0.27494612983593186,-0.794117636244046,843,101,42,160
NHANES,model_c_extended_transport,LightGBM,label_shift_adjusted,label_shift,1146,0.9153460102366169,0.7633920961425558,0.8699825479930192,0.5936395759717314,0.8316831683168316,0.878177966101695,0.6927835051546392,0.10538253495222238,0.551227742900953,0.10741695844775823,0.5631984688180762,0.2749461724891193,-1.0109300529811558,829,115,34,168
NHANES,model_c_extended_transport,LightGBM,fixed_recalibration_source_selected,beta,1146,0.9153460102366169,0.7633920961425558,0.9075043630017452,0.8636363636363636,0.5643564356435643,0.9809322033898306,0.6826347305389222,0.07215460057930106,0.2522684027807194,0.01244852776651228,0.08945350307116456,1.0444019376503677,0.22382988649974772,926,18,88,114
NHANES,model_c_extended_transport,LightGBM,adaptive_calibration_target_selected,platt,1146,0.9153460102366169,0.7633920961425558,0.9075043630017452,0.8636363636363636,0.5643564356435643,0.9809322033898306,0.6826347305389222,0.07182171545866763,0.25146432242286093,0.011184169299360171,0.24974090001717492,1.037431705652147,0.19907531453915067,926,18,88,114
Pima,model_c_extended_transport,LightGBM,naive_transfer,uncalibrated,384,0.7665820895522388,0.5957504338652172,0.7005208333333334,0.6507936507936508,0.30597014925373134,0.912,0.41624365482233505,0.2112352160869473,0.900870319415724,0.1724260783669002,0.41129005811567493,0.27745770831906974,0.3427425160351465,228,22,93,41
Pima,model_c_extended_transport,LightGBM,label_shift_adjusted,label_shift,384,0.7665820895522388,0.5957504338652172,0.7447916666666666,0.6232876712328768,0.6791044776119403,0.78,0.65,0.19719513151844556,0.7954517365876703,0.13782746980204436,0.5023477004741637,0.27744341585925253,-0.13233804741711683,195,55,43,91
Pima,model_c_extended_transport,LightGBM,fixed_recalibration_source_selected,beta,384,0.7665820895522388,0.5957504338652172,0.7161458333333334,0.6344086021505376,0.44029850746268656,0.864,0.5198237885462555,0.1816164655429623,0.5428910812809894,0.08459843113008171,0.28165888848725595,1.268626948284467,0.060574572747270745,216,34,75,59
Pima,model_c_extended_transport,LightGBM,adaptive_calibration_target_selected,isotonic,384,0.7585970149253731,0.5680755421177343,0.6979166666666666,0.6451612903225806,0.29850746268656714,0.912,0.40816326530612246,0.1895974230858076,0.6177199115716946,0.07007512152229492,0.33333233333333334,0.549391159474657,-0.31544290050293866,228,22,94,40
NHANES,model_c_extended_transport,CatBoost,naive_transfer,uncalibrated,1146,0.9221712955193825,0.7766963518481085,0.9075043630017452,0.8529411764705882,0.5742574257425742,0.9788135593220338,0.6863905325443787,0.07708812367638856,0.3548639304513448,0.05919495855631954,0.32369313329865357,0.4027259519453736,-0.36198291908154023,924,20,86,116
NHANES,model_c_extended_transport,CatBoost,label_shift_adjusted,label_shift,1146,0.9221712955193825,0.7766963518481085,0.900523560209424,0.7588235294117647,0.6386138613861386,0.9565677966101694,0.6935483870967742,0.07558013780883267,0.34144943868258254,0.04923644793401144,0.22509681347594107,0.40266140591328203,-0.6795936438638663,903,41,73,129
NHANES,model_c_extended_transport,CatBoost,fixed_recalibration_source_selected,temperature,1146,0.9221712955193825,0.7766963518481085,0.9075043630017452,0.8529411764705882,0.5742574257425742,0.9788135593220338,0.6863905325443787,0.0718152285050741,0.24900489926522038,0.02574346005174858,0.31903199451506237,0.942333297199569,-0.3628614091142583,924,20,86,116
NHANES,model_c_extended_transport,CatBoost,adaptive_calibration_target_selected,platt,1146,0.9221712955193825,0.7766963518481085,0.9066317626527051,0.8625954198473282,0.5594059405940595,0.9809322033898306,0.6786786786786787,0.07235254991196892,0.24689302777596683,0.021513508598775703,0.5765869047869403,1.0841794113406853,0.26939599331775493,926,18,89,113
Pima,model_c_extended_transport,CatBoost,naive_transfer,uncalibrated,384,0.7861492537313434,0.5900962274165857,0.6536458333333334,1.0,0.007462686567164179,1.0,0.014814814814814815,0.29751841173312593,1.1484994924615748,0.2972352836080966,0.4901519485084421,0.4808733162502348,1.442181971674092,250,0,133,1
Pima,model_c_extended_transport,CatBoost,label_shift_adjusted,label_shift,384,0.7861492537313434,0.5900962274165857,0.6692708333333334,0.5853658536585366,0.1791044776119403,0.932,0.2742857142857143,0.2228735091451101,0.7289287815955294,0.18629324608894288,0.49112644867171,0.48078600987345177,0.6189069900899712,233,17,110,24
Pima,model_c_extended_transport,CatBoost,fixed_recalibration_source_selected,temperature,384,0.7861492537313434,0.5900962274165857,0.6536458333333334,1.0,0.007462686567164179,1.0,0.014814814814814815,0.19530030945075225,0.5680003696016039,0.13699150283370812,0.49811973431237555,2.5160876130127283,1.440057447720006,250,0,133,1
Pima,model_c_extended_transport,CatBoost,adaptive_calibration_target_selected,platt,384,0.7861492537313434,0.5900962274165857,0.734375,0.625,0.5970149253731343,0.808,0.6106870229007634,0.17638413135057696,0.5230942840833167,0.06290256220975263,0.20323805751543303,1.1366292581177604,-0.03628567797839461,202,48,54,80
