target_dataset,feature_set,model,scenario,calibration_method,n,roc_auc,pr_auc,accuracy,precision,sensitivity,specificity,f1_score,brier_score,log_loss,ece,mce,calibration_slope,calibration_intercept,tn,fp,fn,tp,change_from_internal_auc,change_from_naive_auc,marginal_coverage,average_prediction_set_size,mean_psi,reliability_gap,performance_component,calibration_component,uncertainty_component,distribution_shift_component,fairness_component,transport_reliability_score
NHANES,model_c_extended_transport,Random Forest,adaptive_calibration,isotonic,1146,0.9241090157744588,0.7291644660915568,0.9040139616055847,0.8709677419354839,0.5346534653465347,0.9830508474576272,0.6625766871165644,0.07332662827285649,0.2708583456450915,0.017999162415020527,0.23809523809523808,0.8637255903444988,0.009538955729480448,928,16,94,108,-0.04994568761810825,-0.0004772193321026519,0.9040139616055847,1.0,1.5453706015718196,0.21542730299667034,0.9241090157744588,0.9820008375849795,0.9955400426604615,0.0,0.7845726970033297,0.7372445186046459
NHANES,model_b_routine_clinical,Random Forest,adaptive_calibration,isotonic,1146,0.922842549085417,0.7272523972588517,0.9057591623036649,0.873015873015873,0.5445544554455446,0.9830508474576272,0.6707317073170732,0.07278207843323801,0.26756537953723314,0.016693413525971833,0.5,0.8854610854667849,0.056313526416384596,928,16,92,110,-0.051244006711115286,-0.004001300553784337,0.9048865619546248,0.9991273996509599,1.5453706015718196,0.2177580466148723,0.922842549085417,0.9833065864740281,0.9945704867170836,0.0,0.7822419533851277,0.7365923151323313
NHANES,model_c_extended_transport,Logistic Regression,adaptive_calibration,isotonic,1146,0.9386170078872293,0.7781389832471306,0.9092495636998255,0.810126582278481,0.6336633663366337,0.9682203389830508,0.7111111111111111,0.0669782767870698,0.24434694528438147,0.01855868788717332,0.18874995515202286,0.8760572888200333,-0.031990937308239764,914,30,74,128,-0.020952049604509915,-0.003996056385299651,0.9109947643979057,1.0026178010471205,1.5453706015718196,0.24545454545454543,0.9386170078872293,0.9814413121128267,0.9877835951134382,0.0,0.7545454545454546,0.7324774739317897
NHANES,model_b_routine_clinical,Logistic Regression,adaptive_calibration,isotonic,1146,0.9386170078872293,0.7781389832471306,0.9092495636998255,0.810126582278481,0.6336633663366337,0.9682203389830508,0.7111111111111111,0.06697827678706979,0.24434694528438144,0.018558687887173263,0.18874995515202286,0.8760572888200334,-0.031990937308240944,914,30,74,128,-0.020952049604509915,-0.003996056385299651,0.9109947643979057,1.0026178010471205,1.5453706015718196,0.24545454545454543,0.9386170078872293,0.9814413121128267,0.9877835951134382,0.0,0.7545454545454546,0.7324774739317897
NHANES,model_c_extended_transport,LightGBM,adaptive_calibration,isotonic,1146,0.9230392054035912,0.7340461927448769,0.9075043630017452,0.8636363636363636,0.5643564356435643,0.9809322033898306,0.6826347305389222,0.07180309339281345,0.25881485071679455,0.015208174421151174,0.4586709078899496,0.9117371235995572,0.04966658436534098,926,18,88,114,-0.05242151086178681,0.00025172008726292994,0.9066317626527051,0.9991273996509599,1.5453706015718196,0.23957219251336898,0.9230392054035912,0.9847918255788488,0.9926313748303277,0.0,0.7604278074866311,0.7321780426598797
NHANES,model_b_routine_clinical,LightGBM,adaptive_calibration,isotonic,1146,0.9230392054035912,0.7340461927448769,0.9075043630017452,0.8636363636363636,0.5643564356435643,0.9809322033898306,0.6826347305389222,0.07180309339281345,0.25881485071679455,0.015208174421151174,0.4586709078899496,0.9117371235995572,0.04966658436534098,926,18,88,114,-0.05242151086178681,0.00025172008726292994,0.9066317626527051,0.9991273996509599,1.5453706015718196,0.23957219251336898,0.9230392054035912,0.9847918255788488,0.9926313748303277,0.0,0.7604278074866311,0.7321780426598797
NHANES,model_b_routine_clinical,Random Forest,fixed_recalibration,uncalibrated,1146,0.9268438496392013,0.7507084066629477,0.8699825479930192,0.6015325670498084,0.7772277227722773,0.8898305084745762,0.6781857451403888,0.08815358036172116,0.2924880625228543,0.07734489287187239,0.5407274847514392,0.8650136306451318,-1.043207223416312,840,104,45,157,-0.04724270615733095,0.0,0.8699825479930192,0.9991273996509599,1.5453706015718196,0.19696969696969702,0.9268438496392013,0.9226551071281276,0.9666472755477991,0.0,0.803030303030303,0.7238353070690862
NHANES,model_b_routine_clinical,Random Forest,naive_transfer,uncalibrated,1146,0.9268438496392013,0.7507084066629477,0.8699825479930192,0.6015325670498084,0.7772277227722773,0.8898305084745762,0.6781857451403888,0.08815358036172116,0.2924880625228543,0.07734489287187239,0.5407274847514392,0.8650136306451318,-1.043207223416312,840,104,45,157,-0.04724270615733095,0.0,0.8699825479930192,0.9991273996509599,1.5453706015718196,0.19696969696969702,0.9268438496392013,0.9226551071281276,0.9666472755477991,0.0,0.803030303030303,0.7238353070690862
NHANES,model_c_extended_transport,XGBoost,fixed_recalibration,temperature,1146,0.9247435601611009,0.7689529490145891,0.9101221640488656,0.8666666666666667,0.5792079207920792,0.9809322033898306,0.6943620178041543,0.07082494136009411,0.24915434263248692,0.01903259161838016,0.4823662171740475,1.0584611253005145,0.2130924241865624,926,18,85,117,-0.05195754993049406,0.0,0.849912739965096,0.9048865619546248,1.5453706015718196,0.251336898395722,0.9247435601611009,0.9809674083816199,0.9443474888501067,0.0,0.748663101604278,0.7197443117994211
NHANES,model_b_routine_clinical,XGBoost,fixed_recalibration,temperature,1146,0.9259497189125692,0.7673777115417574,0.9075043630017452,0.8529411764705882,0.5742574257425742,0.9788135593220338,0.6863905325443787,0.07076177552274085,0.2489347214067374,0.020035498811727084,0.30289873316008,1.0515823438410914,0.20286264702247028,924,20,86,116,-0.05092599078724458,0.0,0.8455497382198953,0.9022687609075044,1.5453706015718196,0.251336898395722,0.9259497189125692,0.9799645011882729,0.939499709133217,0.0,0.748663101604278,0.7188154061676675
NHANES,model_c_extended_transport,Random Forest,naive_transfer,uncalibrated,1146,0.9245862351065615,0.7529586166521371,0.8691099476439791,0.5962962962962963,0.7970297029702971,0.8845338983050848,0.6822033898305084,0.08785591694546867,0.2931931365947634,0.07659718299480937,0.5653150017340922,0.8353926062831682,-1.0576468387428142,835,109,41,161,-0.049468468286005596,0.0,0.868237347294939,0.9956369982547993,1.5453706015718196,0.22077922077922074,0.9245862351065615,0.9234028170051907,0.9647081636610433,0.0,0.7792207792207793,0.7183835989987148
NHANES,model_c_extended_transport,Random Forest,fixed_recalibration,uncalibrated,1146,0.9245862351065615,0.7529586166521371,0.8691099476439791,0.5962962962962963,0.7970297029702971,0.8845338983050848,0.6822033898305084,0.08785591694546867,0.2931931365947634,0.07659718299480937,0.5653150017340922,0.8353926062831682,-1.0576468387428142,835,109,41,161,-0.049468468286005596,0.0,0.868237347294939,0.9956369982547993,1.5453706015718196,0.22077922077922074,0.9245862351065615,0.9234028170051907,0.9647081636610433,0.0,0.7792207792207793,0.7183835989987148
NHANES,model_b_routine_clinical,XGBoost,naive_transfer,uncalibrated,1146,0.9259497189125692,0.7673777115417574,0.9075043630017452,0.8529411764705882,0.5742574257425742,0.9788135593220338,0.6863905325443787,0.08254025131464005,0.5924475307696954,0.0803448812584869,0.39006179571151733,0.2892450578481147,0.20291243897284802,924,20,86,116,-0.05092599078724458,0.0,0.8909249563699826,0.962478184991274,1.5453706015718196,0.251336898395722,0.9259497189125692,0.9196551187415131,0.9899166181888696,0.0,0.748663101604278,0.716836911489446
NHANES,model_c_extended_transport,XGBoost,naive_transfer,uncalibrated,1146,0.9247435601611009,0.7689529490145891,0.9101221640488656,0.8666666666666667,0.5792079207920792,0.9809322033898306,0.6943620178041543,0.08256228268146515,0.5864454191401888,0.08342600671589454,0.45206700563430785,0.2930444976607753,0.21344588247048113,926,18,85,117,-0.05195754993049406,0.0,0.8909249563699826,0.962478184991274,1.5453706015718196,0.251336898395722,0.9247435601611009,0.9165739932841055,0.9899166181888696,0.0,0.748663101604278,0.7159794546476708
NHANES,model_b_routine_clinical,Logistic Regression,fixed_recalibration,uncalibrated,1146,0.942613064272529,0.8064458114494495,0.8926701570680629,0.6513409961685823,0.8415841584158416,0.9036016949152542,0.734341252699784,0.082110200728066,0.30936409353119937,0.09417287787505692,0.3861581568062158,0.6852020111050484,-1.3738316493596145,853,91,32,170,-0.016955993219210264,0.0,0.9066317626527051,1.0261780104712042,1.5453706015718196,0.26363636363636367,0.942613064272529,0.9058271221249431,0.9926313748303277,0.0,0.7363636363636363,0.7154870395182872
NHANES,model_c_extended_transport,Logistic Regression,fixed_recalibration,uncalibrated,1146,0.942613064272529,0.8064458114494495,0.8926701570680629,0.6513409961685823,0.8415841584158416,0.9036016949152542,0.734341252699784,0.08211020072806595,0.3093640935311992,0.09417287787505677,0.38615815680621546,0.6852020111050483,-1.3738316493596134,853,91,32,170,-0.016955993219210264,0.0,0.9066317626527051,1.0261780104712042,1.5453706015718196,0.26363636363636367,0.942613064272529,0.9058271221249432,0.9926313748303277,0.0,0.7363636363636363,0.7154870395182872
NHANES,model_b_routine_clinical,Logistic Regression,naive_transfer,uncalibrated,1146,0.942613064272529,0.8080725293597327,0.8926701570680629,0.6513409961685823,0.8415841584158416,0.9036016949152542,0.734341252699784,0.0821102024215395,0.30936409353119937,0.09417289046501996,0.3861581568062158,0.6852020111049754,-1.3738316493596059,853,91,32,170,-0.016955993219210264,0.0,0.9066317626527051,1.0261780104712042,1.5453706015718196,0.26363636363636367,0.942613064272529,0.90582710953498,0.9926313748303277,0.0,0.7363636363636363,0.7154870370002946
NHANES,model_c_extended_transport,Logistic Regression,naive_transfer,uncalibrated,1146,0.942613064272529,0.8080725293597327,0.8926701570680629,0.6513409961685823,0.8415841584158416,0.9036016949152542,0.734341252699784,0.08211020242153946,0.3093640935311992,0.09417289046501981,0.38615815680621546,0.6852020111049753,-1.373831649359605,853,91,32,170,-0.016955993219210264,0.0,0.9066317626527051,1.0261780104712042,1.5453706015718196,0.26363636363636367,0.942613064272529,0.9058271095349801,0.9926313748303277,0.0,0.7363636363636363,0.7154870370002946
NHANES,model_c_extended_transport,LightGBM,fixed_recalibration,temperature,1146,0.9227874853163283,0.7563571791883226,0.8891797556719022,0.6637554585152838,0.7524752475247525,0.9184322033898306,0.7053364269141531,0.07571284602437856,0.2633675395585606,0.04571459957432881,0.18351639297439182,0.9107962586408189,-0.6810597316855966,867,77,50,152,-0.05267323094904974,0.0,0.8525305410122164,0.9223385689354275,1.5453706015718196,0.29166666666666674,0.9227874853163283,0.9542854004256712,0.9472561566802404,0.0,0.7083333333333333,0.7065324751511145
NHANES,model_b_routine_clinical,LightGBM,fixed_recalibration,temperature,1146,0.9227874853163283,0.7563571791883226,0.8891797556719022,0.6637554585152838,0.7524752475247525,0.9184322033898306,0.7053364269141531,0.07571284602437856,0.2633675395585606,0.04571459957432881,0.18351639297439182,0.9107962586408189,-0.6810597316855966,867,77,50,152,-0.05267323094904974,0.0,0.8525305410122164,0.9223385689354275,1.5453706015718196,0.29166666666666674,0.9227874853163283,0.9542854004256712,0.9472561566802404,0.0,0.7083333333333333,0.7065324751511145
NHANES,model_b_routine_clinical,LightGBM,naive_transfer,uncalibrated,1146,0.9227874853163283,0.7563571791883226,0.8891797556719022,0.6637554585152838,0.7524752475247525,0.9184322033898306,0.7053364269141531,0.08431844626904804,0.523970150263775,0.07418009964412517,0.40875429398597374,0.2600497529153908,-0.6796973191265523,867,77,50,152,-0.05267323094904974,0.0,0.8778359511343804,0.9799301919720768,1.5453706015718196,0.29166666666666674,0.9227874853163283,0.9258199003558748,0.9753732790382004,0.0,0.7083333333333333,0.7064627996087474
NHANES,model_c_extended_transport,LightGBM,naive_transfer,uncalibrated,1146,0.9227874853163283,0.7563571791883226,0.8891797556719022,0.6637554585152838,0.7524752475247525,0.9184322033898306,0.7053364269141531,0.08431844626904804,0.523970150263775,0.07418009964412517,0.40875429398597374,0.2600497529153908,-0.6796973191265523,867,77,50,152,-0.05267323094904974,0.0,0.8778359511343804,0.9799301919720768,1.5453706015718196,0.29166666666666674,0.9227874853163283,0.9258199003558748,0.9753732790382004,0.0,0.7083333333333333,0.7064627996087474
NHANES,model_b_routine_clinical,CatBoost,naive_transfer,uncalibrated,1146,0.9194023745594898,0.7714657518724871,0.9075043630017452,0.8478260869565217,0.5792079207920792,0.9777542372881356,0.6882352941176471,0.07810566301726946,0.39933865145041414,0.06580830342640685,0.7078037344519118,0.3468888408934627,-0.39518277911937333,923,21,85,117,-0.05767280787708795,0.0,0.8438045375218151,0.8987783595113438,1.5453706015718196,0.2748499102556168,0.9194023745594898,0.9341916965735931,0.9375605972464611,0.0,0.7251500897443832,0.7032609516247855
NHANES,model_c_extended_transport,CatBoost,naive_transfer,uncalibrated,1146,0.9194023745594898,0.7714657518724871,0.9075043630017452,0.8478260869565217,0.5792079207920792,0.9777542372881356,0.6882352941176471,0.07810566301726946,0.39933865145041414,0.06580830342640685,0.7078037344519118,0.3468888408934627,-0.39518277911937333,923,21,85,117,-0.05767280787708795,0.0,0.8438045375218151,0.8987783595113438,1.5453706015718196,0.2748499102556168,0.9194023745594898,0.9341916965735931,0.9375605972464611,0.0,0.7251500897443832,0.7032609516247855
NHANES,model_b_routine_clinical,CatBoost,fixed_recalibration,isotonic,1146,0.91847677882195,0.7443131514315002,0.9057591623036649,0.8560606060606061,0.5594059405940595,0.9798728813559322,0.6766467065868264,0.07259840233013069,0.25504271885481866,0.013381922914193337,0.6680517023723193,0.9809723390146277,0.14048877713216362,925,19,89,113,-0.05859840361462776,-0.0009255957375398083,0.7539267015706806,0.7853403141361257,1.5453706015718196,0.3566720306987683,0.91847677882195,0.9866180770858066,0.837696335078534,0.0,0.6433279693012317,0.6772238320575046
NHANES,model_c_extended_transport,CatBoost,adaptive_calibration,isotonic,1146,0.91847677882195,0.7443131514315002,0.9057591623036649,0.8560606060606061,0.5594059405940595,0.9798728813559322,0.6766467065868264,0.07259840233013069,0.25504271885481866,0.013381922914193337,0.6680517023723193,0.9809723390146277,0.14048877713216362,925,19,89,113,-0.05859840361462776,-0.0009255957375398083,0.7539267015706806,0.7853403141361257,1.5453706015718196,0.3566720306987683,0.91847677882195,0.9866180770858066,0.837696335078534,0.0,0.6433279693012317,0.6772238320575046
NHANES,model_c_extended_transport,CatBoost,fixed_recalibration,isotonic,1146,0.91847677882195,0.7443131514315002,0.9057591623036649,0.8560606060606061,0.5594059405940595,0.9798728813559322,0.6766467065868264,0.07259840233013069,0.25504271885481866,0.013381922914193337,0.6680517023723193,0.9809723390146277,0.14048877713216362,925,19,89,113,-0.05859840361462776,-0.0009255957375398083,0.7539267015706806,0.7853403141361257,1.5453706015718196,0.3566720306987683,0.91847677882195,0.9866180770858066,0.837696335078534,0.0,0.6433279693012317,0.6772238320575046
NHANES,model_b_routine_clinical,CatBoost,adaptive_calibration,isotonic,1146,0.91847677882195,0.7443131514315002,0.9057591623036649,0.8560606060606061,0.5594059405940595,0.9798728813559322,0.6766467065868264,0.07259840233013069,0.25504271885481866,0.013381922914193337,0.6680517023723193,0.9809723390146277,0.14048877713216362,925,19,89,113,-0.05859840361462776,-0.0009255957375398083,0.7539267015706806,0.7853403141361257,1.5453706015718196,0.3566720306987683,0.91847677882195,0.9866180770858066,0.837696335078534,0.0,0.6433279693012317,0.6772238320575046
Pima,model_c_extended_transport,Logistic Regression,adaptive_calibration,isotonic,384,0.8015820895522389,0.6178998496620433,0.7395833333333334,0.6416666666666667,0.5746268656716418,0.828,0.6062992125984252,0.17233984054075982,0.5392819641531429,0.04420549893830321,0.14985927283718847,0.562945547685559,-0.15778207486475362,207,43,57,77,-0.1579869679395004,-0.0043582089552238745,0.7395833333333334,1.0,1.8972527335712026,0.22708399872245288,0.8015820895522389,0.9557945010616968,0.8217592592592593,0.0,0.7729160012775471,0.6704103702301485
Pima,model_b_routine_clinical,Logistic Regression,adaptive_calibration,isotonic,384,0.8015820895522389,0.6178998496620433,0.7395833333333334,0.6416666666666667,0.5746268656716418,0.828,0.6062992125984252,0.1723398405407599,0.5392819641531428,0.044205498938303216,0.14985927283718847,0.5629455476855593,-0.1577820748647536,207,43,57,77,-0.1579869679395004,-0.0043582089552238745,0.7395833333333334,1.0,1.8972527335712026,0.22708399872245288,0.8015820895522389,0.9557945010616968,0.8217592592592593,0.0,0.7729160012775471,0.6704103702301485
NHANES,model_c_extended_transport,XGBoost,adaptive_calibration,isotonic,1146,0.9222342255411983,0.7398918319777127,0.9109947643979057,0.7808988764044944,0.6881188118811881,0.9586864406779662,0.7315789473684211,0.06981561638517114,0.2537350044040317,0.012225461196618307,0.3717867382082585,0.8999350368951499,-0.015255740083569981,905,39,63,139,-0.05446688455039672,-0.002509334619902659,0.7521815008726004,0.7905759162303665,1.5453706015718196,0.39620597883270414,0.9222342255411983,0.9877745388033817,0.8357572231917781,0.0,0.6037940211672959,0.6699120017407308
NHANES,model_a_screening,Logistic Regression,fixed_recalibration,beta,1146,0.7754709263299212,0.401583663379749,0.8254799301919721,0.625,0.024752475247524754,0.996822033898305,0.047619047619047616,0.1250311562018157,0.3893320086671307,0.017330723857221644,0.1414351490310849,1.218436439814555,0.262177100615733,941,3,197,5,-0.04799783746045427,0.0,0.8150087260034904,0.9773123909249564,1.5453706015718196,0.3305533205421798,0.7754709263299212,0.9826692761427783,0.9055652511149893,0.0,0.6694466794578202,0.6666304266091018
NHANES,model_a_screening,CatBoost,fixed_recalibration,beta,1146,0.7743460521899648,0.40080895748783696,0.8237347294938918,0.0,0.0,1.0,0.0,0.1253519693808742,0.39074192555762566,0.016106824875685127,0.11985102229681088,1.1921385812215322,0.25202023065710244,944,0,202,0,-0.051092195853819966,0.0,0.8176265270506108,0.9808027923211169,1.5453706015718196,0.3352262177384415,0.7743460521899648,0.9838931751243148,0.9084739189451231,0.0,0.6647737822615585,0.6662973857041922
NHANES,model_a_screening,LightGBM,fixed_recalibration,beta,1146,0.7760084535995972,0.4075710959085661,0.8263525305410122,0.8,0.019801980198019802,0.9989406779661016,0.03864734299516908,0.12516965023420834,0.39058758958064466,0.018155695764187345,0.2884776634751991,1.127712403453745,0.16712463262832872,943,1,198,4,-0.03986978478419767,0.0,0.8132635253054101,0.974694589877836,1.5453706015718196,0.33853747601658724,0.7760084535995972,0.9818443042358127,0.9036261392282334,0.0,0.6614625239834128,0.6645882842094113
NHANES,model_a_screening,LightGBM,adaptive_calibration,isotonic,1146,0.7735908919281758,0.3717529091059392,0.8272251308900523,0.55,0.10891089108910891,0.9809322033898306,0.18181818181818182,0.12494452905830332,0.3969384651662033,0.007918627737110618,0.03506927854753944,0.9090005340407198,-0.08511819800712156,926,18,180,22,-0.04228734645561916,-0.0024175616714214865,0.8080279232111692,0.9650959860383944,1.5453706015718196,0.3517825091291701,0.7735908919281758,0.9920813722628894,0.8978088035679658,0.0,0.6482174908708299,0.6623397117259722
NHANES,model_a_screening,XGBoost,adaptive_calibration,isotonic,1146,0.7665532178217822,0.36885906058501294,0.8272251308900523,0.5625,0.0891089108910891,0.9851694915254238,0.15384615384615385,0.12568679697718232,0.3984204543753346,0.006705348095003498,0.022907250842633564,0.881131733899566,-0.12294989411359547,930,14,184,18,-0.056034862315771705,-0.0024332941768754335,0.8115183246073299,0.9720767888307156,1.5453706015718196,0.3550937674073157,0.7665532178217822,0.9932946519049966,0.9016870273414777,0.0,0.6449062325926843,0.6612882259321882
NHANES,model_a_screening,XGBoost,fixed_recalibration,beta,1146,0.7689865119986576,0.40183128380570243,0.824607329842932,1.0,0.0049504950495049506,1.0,0.009852216748768473,0.12608437909971507,0.39329053628067245,0.014315660992064131,0.4958121198602282,1.1065451843003105,0.15309587343663408,944,0,201,1,-0.05360156813889627,0.0,0.81239092495637,0.974694589877836,1.5453706015718196,0.3517825091291701,0.7689865119986576,0.9856843390079358,0.9026565832848555,0.0,0.6482174908708299,0.6611089850324559
NHANES,model_a_screening,CatBoost,naive_transfer,uncalibrated,1146,0.7743460521899648,0.40080895748783696,0.8307155322862129,0.6818181818181818,0.07425742574257425,0.9925847457627118,0.13392857142857142,0.12496559572579408,0.390297570200411,0.019499972845877796,0.25852941426867315,0.9571938818712776,0.05477473163603001,937,7,187,15,-0.051092195853819966,0.0,0.8097731239092496,0.9659685863874345,1.5453706015718196,0.3584050256854614,0.7743460521899648,0.9805000271541222,0.8997479154547218,0.0,0.6415949743145386,0.6592377938226696
NHANES,model_a_screening,CatBoost,adaptive_calibration,isotonic,1146,0.7624784989092128,0.3566669645055197,0.8289703315881326,0.6,0.0891089108910891,0.9872881355932204,0.15517241379310345,0.12687101418605712,0.40227141095862967,0.012644930058042111,0.09999999999999998,0.8674664076301056,-0.13676883621266103,932,12,184,18,-0.06295974913457192,-0.011867553280751952,0.8071553228621291,0.962478184991274,1.5453706015718196,0.3617162839636071,0.7624784989092128,0.9873550699419579,0.8968392476245879,0.0,0.6382837160363929,0.6569913065024303
NHANES,model_b_routine_clinical,XGBoost,adaptive_calibration,isotonic,1146,0.9229710312132906,0.7392947989466581,0.9109947643979057,0.7777777777777778,0.693069306930693,0.9576271186440678,0.7329842931937173,0.06923570882124301,0.25393431241171527,0.01737509248491169,0.1315230381906245,0.8960052480640764,-0.03644413299503155,904,40,62,140,-0.05390467848652314,-0.0029786876992785594,0.7164048865619547,0.7478184991273996,1.5453706015718196,0.41978708918734914,0.9229710312132906,0.9826249075150884,0.796005429513283,0.0,0.5802129108126508,0.6563628558108625
NHANES,model_a_screening,XGBoost,naive_transfer,uncalibrated,1146,0.7689865119986576,0.40183128380570243,0.8263525305410122,0.5454545454545454,0.0891089108910891,0.9841101694915254,0.15319148936170213,0.12608712911605835,0.3946073833870859,0.02124004116640255,0.1203695009736454,0.8627300951888931,-0.05318031320952196,929,15,184,18,-0.05360156813889627,0.0,0.8036649214659686,0.9589877835951134,1.5453706015718196,0.3617162839636071,0.7689865119986576,0.9787599588335975,0.8929610238510761,0.0,0.6382837160363929,0.6557982421439449
NHANES,model_a_screening,Logistic Regression,adaptive_calibration,isotonic,1146,0.7726941391173016,0.37038583999088737,0.8272251308900523,0.7,0.034653465346534656,0.996822033898305,0.0660377358490566,0.12518126557296988,0.39638570476335494,0.014620016411678842,0.19999999999999996,0.9444889535404444,-0.052326776142098935,941,3,195,7,-0.05077462467307392,-0.002776787212619647,0.7923211169284468,0.9389179755671903,1.5453706015718196,0.40106455406325436,0.7726941391173016,0.9853799835883211,0.880356796587163,0.0,0.5989354459367456,0.6474732730459063
Pima,model_c_extended_transport,Logistic Regression,naive_transfer,uncalibrated,384,0.8059402985074627,0.6352244772672029,0.7213541666666666,0.6483516483516484,0.44029850746268656,0.872,0.5244444444444445,0.18132726821031206,0.5346049468185118,0.09725867953412216,0.36112284117744475,0.7516690453085497,0.20163087736091304,218,32,75,59,-0.15362875898427653,0.0,0.7473958333333334,1.0520833333333333,1.8972527335712026,0.3209837112743532,0.8059402985074627,0.9027413204658779,0.8304398148148149,0.0,0.6790162887256468,0.6436275445027604
Pima,model_c_extended_transport,Logistic Regression,fixed_recalibration,uncalibrated,384,0.8059402985074627,0.6352244772672029,0.7213541666666666,0.6483516483516484,0.44029850746268656,0.872,0.5244444444444445,0.18132726821031206,0.5346049468185118,0.09725867953412216,0.36112284117744475,0.7516690453085497,0.20163087736091304,218,32,75,59,-0.15362875898427653,0.0,0.7473958333333334,1.0520833333333333,1.8972527335712026,0.3209837112743532,0.8059402985074627,0.9027413204658779,0.8304398148148149,0.0,0.6790162887256468,0.6436275445027604
Pima,model_b_routine_clinical,Logistic Regression,fixed_recalibration,uncalibrated,384,0.8059402985074627,0.6352244772672029,0.7213541666666666,0.6483516483516484,0.44029850746268656,0.872,0.5244444444444445,0.18132726821031206,0.5346049468185118,0.09725867953412211,0.36112284117744475,0.7516690453085497,0.20163087736091256,218,32,75,59,-0.15362875898427653,0.0,0.7473958333333334,1.0520833333333333,1.8972527335712026,0.3209837112743532,0.8059402985074627,0.9027413204658779,0.8304398148148149,0.0,0.6790162887256468,0.6436275445027604
Pima,model_b_routine_clinical,Logistic Regression,naive_transfer,uncalibrated,384,0.8059402985074627,0.6352244772672029,0.7213541666666666,0.6483516483516484,0.44029850746268656,0.872,0.5244444444444445,0.18132726821031206,0.5346049468185118,0.09725867953412211,0.36112284117744475,0.7516690453085497,0.20163087736091256,218,32,75,59,-0.15362875898427653,0.0,0.7473958333333334,1.0520833333333333,1.8972527335712026,0.3209837112743532,0.8059402985074627,0.9027413204658779,0.8304398148148149,0.0,0.6790162887256468,0.6436275445027604
NHANES,model_a_screening,Random Forest,fixed_recalibration,isotonic,1146,0.7829019130726631,0.3747804309510995,0.8228621291448517,0.48148148148148145,0.06435643564356436,0.9851694915254238,0.11353711790393013,0.12445568394655565,0.3844549271103299,0.02162796974121675,0.20251222950067893,1.0278589747015565,0.04852496566685966,930,14,189,13,-0.03786910009613642,-0.0021553532471891845,0.7643979057591623,0.8944153577661431,1.5453706015718196,0.427941449526521,0.7829019130726631,0.9783720302587833,0.8493310063990692,0.0,0.572058550473479,0.6365327000407989
NHANES,model_a_screening,Random Forest,adaptive_calibration,isotonic,1146,0.7829019130726631,0.3747804309510995,0.8228621291448517,0.48148148148148145,0.06435643564356436,0.9851694915254238,0.11353711790393013,0.12445568394655565,0.3844549271103299,0.02162796974121675,0.20251222950067893,1.0278589747015565,0.04852496566685966,930,14,189,13,-0.03786910009613642,-0.0021553532471891845,0.7643979057591623,0.8944153577661431,1.5453706015718196,0.427941449526521,0.7829019130726631,0.9783720302587833,0.8493310063990692,0.0,0.572058550473479,0.6365327000407989
Pima,model_c_extended_transport,Random Forest,adaptive_calibration,isotonic,384,0.7868358208955224,0.5778090733856573,0.7213541666666666,0.608,0.5671641791044776,0.804,0.5868725868725869,0.17936278030843544,0.5530964336716795,0.03897041668812051,0.33333233333333334,0.7521542938305805,-0.13105846955893924,201,49,58,76,-0.18721888249704466,-0.011194029850746245,0.6979166666666666,0.9557291666666666,1.8972527335712026,0.4056212072820185,0.7868358208955224,0.9610295833118795,0.7754629629629629,0.0,0.5943787927179816,0.6235414319776693
Pima,model_c_extended_transport,LightGBM,fixed_recalibration,temperature,384,0.7842686567164179,0.6142856246806288,0.6848958333333334,0.6382978723404256,0.22388059701492538,0.932,0.3314917127071823,0.18416737288548404,0.5458216960779558,0.07655108111468326,0.15782810358918614,1.6765232315789802,0.5668989176260354,233,17,104,30,-0.19119205954896012,0.0,0.5598958333333334,0.7291666666666666,1.8972527335712026,0.23748473748473747,0.7842686567164179,0.9234489188853168,0.6221064814814815,0.0,0.7625152625152625,0.6184678639196958
Pima,model_b_routine_clinical,LightGBM,fixed_recalibration,temperature,384,0.7842686567164179,0.6142856246806288,0.6848958333333334,0.6382978723404256,0.22388059701492538,0.932,0.3314917127071823,0.18416737288548404,0.5458216960779558,0.07655108111468326,0.15782810358918614,1.6765232315789802,0.5668989176260354,233,17,104,30,-0.19119205954896012,0.0,0.5598958333333334,0.7291666666666666,1.8972527335712026,0.23748473748473747,0.7842686567164179,0.9234489188853168,0.6221064814814815,0.0,0.7625152625152625,0.6184678639196958
Pima,model_b_routine_clinical,LightGBM,adaptive_calibration,isotonic,384,0.7751194029850746,0.5826711401926924,0.7057291666666666,0.6296296296296297,0.3805970149253731,0.88,0.4744186046511628,0.18271102037530382,0.5429746366608837,0.07436745439108244,0.12382739212007499,0.9524265948506587,-0.05064985217996349,220,30,83,51,-0.20034131328030336,-0.009149253731343232,0.6927083333333334,0.9817708333333334,1.8972527335712026,0.3902906419674225,0.7751194029850746,0.9256325456089176,0.7696759259259259,0.0,0.6097093580325774,0.6160274465104991
Pima,model_c_extended_transport,LightGBM,adaptive_calibration,isotonic,384,0.7751194029850746,0.5826711401926924,0.7057291666666666,0.6296296296296297,0.3805970149253731,0.88,0.4744186046511628,0.18271102037530382,0.5429746366608837,0.07436745439108244,0.12382739212007499,0.9524265948506587,-0.05064985217996349,220,30,83,51,-0.20034131328030336,-0.009149253731343232,0.6927083333333334,0.9817708333333334,1.8972527335712026,0.3902906419674225,0.7751194029850746,0.9256325456089176,0.7696759259259259,0.0,0.6097093580325774,0.6160274465104991
Pima,model_b_routine_clinical,LightGBM,naive_transfer,uncalibrated,384,0.7842686567164179,0.6142856246806288,0.6848958333333334,0.6382978723404256,0.22388059701492538,0.932,0.3314917127071823,0.2359009046989172,1.0770273213849115,0.21830421114946846,0.531645130399819,0.26738641814964376,0.5667932685560411,233,17,104,30,-0.19119205954896012,0.0,0.6536458333333334,0.9401041666666666,1.8972527335712026,0.21877994251038005,0.7842686567164179,0.7816957888505316,0.7262731481481481,0.0,0.78122005748962,0.6146915302409435
Pima,model_c_extended_transport,LightGBM,naive_transfer,uncalibrated,384,0.7842686567164179,0.6142856246806288,0.6848958333333334,0.6382978723404256,0.22388059701492538,0.932,0.3314917127071823,0.2359009046989172,1.0770273213849115,0.21830421114946846,0.531645130399819,0.26738641814964376,0.5667932685560411,233,17,104,30,-0.19119205954896012,0.0,0.6536458333333334,0.9401041666666666,1.8972527335712026,0.21877994251038005,0.7842686567164179,0.7816957888505316,0.7262731481481481,0.0,0.78122005748962,0.6146915302409435
Pima,model_b_routine_clinical,Random Forest,adaptive_calibration,isotonic,384,0.7906567164179104,0.5837545992398786,0.7161458333333334,0.6146788990825688,0.5,0.832,0.551440329218107,0.17904587054499613,0.5532068414769501,0.07488392188243181,0.3910924290156039,0.7679965832810609,-0.10958685104393971,208,42,67,67,-0.1834298393786219,-0.005253731343283663,0.7109375,0.9895833333333334,1.8972527335712026,0.4525710635579687,0.7906567164179104,0.9251160781175682,0.7899305555555556,0.0,0.5474289364420313,0.6106264573066131
Pima,model_a_screening,CatBoost,naive_transfer,uncalibrated,384,0.709089552238806,0.48784238983599615,0.6484375,0.0,0.0,0.996,0.0,0.29265327653441386,0.9941219176959146,0.278335224422656,0.5279453643173561,0.5656931651723331,1.0893206068448977,249,1,134,0,-0.11634869580497875,0.0,0.6458333333333334,0.9869791666666666,1.8972527335712026,0.1683455433455434,0.709089552238806,0.721664775577344,0.7175925925925926,0.0,0.8316544566544566,0.5960002754126398
Pima,model_a_screening,XGBoost,naive_transfer,uncalibrated,384,0.696402985074627,0.47590894494837965,0.6510416666666666,0.5,0.007462686567164179,0.996,0.014705882352941176,0.2915448844432831,1.0031821143953772,0.2680790628279889,0.4316874224071702,0.4795458881074852,0.8456791451472897,249,1,133,1,-0.12618509506292697,0.0,0.6432291666666666,0.984375,1.8972527335712026,0.18421855921855929,0.696402985074627,0.7319209371720111,0.714699074074074,0.0,0.8157814407814408,0.5917608874204305
Pima,model_c_extended_transport,Random Forest,naive_transfer,uncalibrated,384,0.7980298507462686,0.6069844019854415,0.6927083333333334,0.6481481481481481,0.26119402985074625,0.924,0.3723404255319149,0.19346233489623818,0.5606878556066887,0.12488168558683964,0.2442801679782623,0.9243626821449471,0.5755058491063271,231,19,99,35,-0.1760248526462984,0.0,0.6875,0.9921875,1.8972527335712026,0.5164484190354519,0.7980298507462686,0.8751183144131603,0.7638888888888888,0.0,0.4835515809645481,0.5841177270025731
Pima,model_c_extended_transport,Random Forest,fixed_recalibration,uncalibrated,384,0.7980298507462686,0.6069844019854415,0.6927083333333334,0.6481481481481481,0.26119402985074625,0.924,0.3723404255319149,0.19346233489623818,0.5606878556066887,0.12488168558683964,0.2442801679782623,0.9243626821449471,0.5755058491063271,231,19,99,35,-0.1760248526462984,0.0,0.6875,0.9921875,1.8972527335712026,0.5164484190354519,0.7980298507462686,0.8751183144131603,0.7638888888888888,0.0,0.4835515809645481,0.5841177270025731
Pima,model_a_screening,XGBoost,adaptive_calibration,isotonic,384,0.6934179104477612,0.46776821934744345,0.6458333333333334,0.4880952380952381,0.30597014925373134,0.828,0.3761467889908257,0.20541402658544441,0.5940013339122299,0.06475410097583811,0.4848844156059677,0.7663708937868756,-0.08962648781447974,207,43,93,41,-0.12917016968979267,-0.0029850746268657025,0.5677083333333334,0.8515625,1.8972527335712026,0.37272436921111474,0.6934179104477612,0.9352458990241619,0.630787037037037,0.0,0.6272756307888853,0.577345295459569
Pima,model_b_routine_clinical,XGBoost,naive_transfer,uncalibrated,384,0.7624626865671642,0.5646873875529215,0.6484375,0.0,0.0,0.996,0.0,0.3061564862728119,1.6097616734625733,0.3072053798327611,0.597694456577301,0.2952135949922711,1.1394046110931655,249,1,134,0,-0.21441302313264954,0.0,0.6067708333333334,0.8828125,1.8972527335712026,0.25702075702075705,0.7624626865671642,0.6927946201672389,0.6741898148148149,0.0,0.742979242979243,0.5744852729056922
Pima,model_b_routine_clinical,Random Forest,fixed_recalibration,uncalibrated,384,0.795910447761194,0.6017576642683192,0.6822916666666666,0.62,0.23134328358208955,0.924,0.33695652173913043,0.1951174328211985,0.5632781533869856,0.12924509635181716,0.30841199619569964,0.9229909840305366,0.5858292470771751,231,19,103,31,-0.17817610803533823,0.0,0.6822916666666666,1.0,1.8972527335712026,0.5560523794314916,0.795910447761194,0.8707549036481829,0.7581018518518519,0.0,0.44394762056850845,0.5737429647659473
Pima,model_b_routine_clinical,Random Forest,naive_transfer,uncalibrated,384,0.795910447761194,0.6017576642683192,0.6822916666666666,0.62,0.23134328358208955,0.924,0.33695652173913043,0.1951174328211985,0.5632781533869856,0.12924509635181716,0.30841199619569964,0.9229909840305366,0.5858292470771751,231,19,103,31,-0.17817610803533823,0.0,0.6822916666666666,1.0,1.8972527335712026,0.5560523794314916,0.795910447761194,0.8707549036481829,0.7581018518518519,0.0,0.44394762056850845,0.5737429647659473
Pima,model_c_extended_transport,CatBoost,naive_transfer,uncalibrated,384,0.7885074626865671,0.5961057261996171,0.6484375,0.0,0.0,0.996,0.0,0.29743581446246,1.2047872810254852,0.30061192261076497,0.58183601565218,0.4099550114059377,1.268118964741825,249,1,134,0,-0.18856771975001063,0.0,0.6067708333333334,0.8697916666666666,1.8972527335712026,0.2951770451770452,0.7885074626865671,0.699388077389235,0.6741898148148149,0.0,0.7048229548229548,0.5733816619427143
Pima,model_b_routine_clinical,CatBoost,naive_transfer,uncalibrated,384,0.7885074626865671,0.5961057261996171,0.6484375,0.0,0.0,0.996,0.0,0.29743581446246,1.2047872810254852,0.30061192261076497,0.58183601565218,0.4099550114059377,1.268118964741825,249,1,134,0,-0.18856771975001063,0.0,0.6067708333333334,0.8697916666666666,1.8972527335712026,0.2951770451770452,0.7885074626865671,0.699388077389235,0.6741898148148149,0.0,0.7048229548229548,0.5733816619427143
Pima,model_c_extended_transport,XGBoost,naive_transfer,uncalibrated,384,0.7622835820895523,0.5686326104396433,0.6484375,0.0,0.0,0.996,0.0,0.3060366213321686,1.623611798179449,0.3151572662522947,0.5530808076262475,0.28836459891385907,1.1253881966079204,249,1,134,0,-0.21441752800204272,0.0,0.609375,0.8828125,1.8972527335712026,0.26022588522588525,0.7622835820895523,0.6848427337477053,0.6770833333333333,0.0,0.7397741147741148,0.572796752788941
Pima,model_a_screening,XGBoost,fixed_recalibration,beta,384,0.696402985074627,0.47590894494837965,0.6484375,0.49411764705882355,0.31343283582089554,0.828,0.3835616438356164,0.20721308535799618,0.5960955350464384,0.07527465232959313,0.24355797865281092,0.9058337652022621,-0.02101886445851531,207,43,92,42,-0.12618509506292697,0.0,0.5416666666666666,0.8151041666666666,1.8972527335712026,0.40498243372724374,0.696402985074627,0.9247253476704069,0.6018518518518519,0.0,0.5950175662727563,0.5635995501739284
Pima,model_a_screening,CatBoost,adaptive_calibration,isotonic,384,0.6898955223880597,0.46495430133400023,0.6458333333333334,0.48717948717948717,0.2835820895522388,0.84,0.3584905660377358,0.20533526655574627,0.6394163735213007,0.06895832790182455,0.7186327511046782,0.44899144233204197,-0.2921051001649959,210,40,96,38,-0.135542725655725,-0.019194029850746253,0.5729166666666666,0.8515625,1.8972527335712026,0.44458639412328327,0.6898955223880597,0.9310416720981755,0.636574074074074,0.0,0.5554136058767167,0.5625849748874051
Pima,model_a_screening,Logistic Regression,adaptive_calibration,isotonic,384,0.6984477611940298,0.47805589957976163,0.6458333333333334,0.4878048780487805,0.29850746268656714,0.832,0.37037037037037035,0.208042637397716,0.5857645209250716,0.09390017236286653,0.4188129375862586,0.6400007585503877,-0.16562551032017192,208,42,94,40,-0.12502100259634563,-0.007805970149253771,0.5625,0.8359375,1.8972527335712026,0.4247844139252635,0.6984477611940298,0.9060998276371335,0.625,0.0,0.5752155860747366,0.56095263498118
Pima,model_a_screening,CatBoost,fixed_recalibration,beta,384,0.709089552238806,0.48784238983599615,0.6536458333333334,0.5060240963855421,0.31343283582089554,0.836,0.3870967741935484,0.20584159902194452,0.5926364276220043,0.09805010894343986,0.37160541569284183,0.9825391724318819,0.029246601311446404,209,41,92,42,-0.11634869580497875,0.0,0.5625,0.8411458333333334,1.8972527335712026,0.4471414883423826,0.709089552238806,0.9019498910565601,0.625,0.0,0.5528585116576175,0.5577795909905967
Pima,model_a_screening,Logistic Regression,naive_transfer,uncalibrated,384,0.7062537313432836,0.4923467181105067,0.640625,0.4861111111111111,0.5223880597014925,0.704,0.5035971223021583,0.21767481643846012,0.6245914350361566,0.1263966438481589,0.41981460266214876,0.6664295123211991,-0.4973013799724289,176,74,64,70,-0.11721503244709186,0.0,0.5677083333333334,0.8489583333333334,1.8972527335712026,0.42286809326093905,0.7062537313432836,0.873603356151841,0.630787037037037,0.0,0.577131906739061,0.5575552062542446
Pima,model_a_screening,Logistic Regression,fixed_recalibration,beta,384,0.7062537313432836,0.4923467181105067,0.6510416666666666,0.5,0.373134328358209,0.8,0.42735042735042733,0.20620156331348335,0.5876937150931383,0.09914440571310115,0.26480811134144266,0.8110709935053474,-0.10413212804857841,200,50,84,50,-0.11721503244709186,0.0,0.5651041666666666,0.84375,1.8972527335712026,0.4522516767805813,0.7062537313432836,0.9008555942868989,0.6278935185185184,0.0,0.5477483232194187,0.5565502334736239
Pima,model_b_routine_clinical,XGBoost,adaptive_calibration,isotonic,384,0.7575671641791045,0.5554238540360206,0.734375,0.625,0.5970149253731343,0.808,0.6106870229007634,0.1871563400269701,0.6381524226992626,0.044277463737370244,0.5999990000000001,0.4096084611983158,-0.33511078360717717,202,48,54,80,-0.21930854552070922,-0.004895522388059681,0.22395833333333334,0.24739583333333334,1.8972527335712026,0.19738102842542316,0.7575671641791045,0.9557225362626297,0.24884259259259267,0.0,0.8026189715745768,0.5529502529217808
Pima,model_a_screening,Random Forest,fixed_recalibration,isotonic,384,0.7099402985074627,0.48042319486243373,0.6666666666666666,0.5375,0.3208955223880597,0.852,0.40186915887850466,0.2021857199840544,0.6633440696571253,0.07267976154055622,0.5999990000000001,0.33689468095277847,-0.3757426785086908,213,37,91,43,-0.11083071466133687,-0.01261194029850754,0.5833333333333334,0.8463541666666666,1.8972527335712026,0.5215586074736507,0.7099402985074627,0.9273202384594438,0.6481481481481481,0.0,0.4784413925263493,0.5527700155282809
Pima,model_a_screening,Random Forest,adaptive_calibration,isotonic,384,0.7099402985074627,0.48042319486243373,0.6666666666666666,0.5375,0.3208955223880597,0.852,0.40186915887850466,0.2021857199840544,0.6633440696571253,0.07267976154055622,0.5999990000000001,0.33689468095277847,-0.3757426785086908,213,37,91,43,-0.11083071466133687,-0.01261194029850754,0.5833333333333334,0.8463541666666666,1.8972527335712026,0.5215586074736507,0.7099402985074627,0.9273202384594438,0.6481481481481481,0.0,0.4784413925263493,0.5527700155282809
Pima,model_a_screening,LightGBM,fixed_recalibration,beta,384,0.6817761194029851,0.48618316734280376,0.6432291666666666,0.48,0.26865671641791045,0.844,0.3444976076555024,0.2091308988756869,0.604480718816394,0.05987578993662999,0.3156128100240886,0.8742352997965145,-0.0454657798667019,211,39,98,36,-0.13410211898080981,0.0,0.5598958333333334,0.8177083333333334,1.8972527335712026,0.506547428936442,0.6817761194029851,0.94012421006337,0.6221064814814815,0.0,0.493452571063558,0.5474918764022789
Pima,model_a_screening,Random Forest,naive_transfer,uncalibrated,384,0.7225522388059702,0.5022770314588756,0.6692708333333334,0.5384615384615384,0.3656716417910448,0.832,0.43555555555555553,0.20948292165416768,0.6005491496718057,0.11439035270348447,0.3472074303070162,0.6865113149891777,-0.09350214554014191,208,42,85,49,-0.09821877436282933,0.0,0.5598958333333334,0.7994791666666666,1.8972527335712026,0.5043117214947301,0.7225522388059702,0.8856096472965156,0.6221064814814815,0.0,0.49568827850526986,0.5451913292178474
NHANES,model_a_screening,Random Forest,naive_transfer,uncalibrated,1146,0.7850572663198523,0.40283892992040643,0.5715532286212914,0.27938931297709924,0.905940594059406,0.5,0.42707117852975496,0.25366409215213864,0.7039641435998064,0.33967581068849967,0.4460435973456151,1.1489230526101806,-2.113216684695017,472,472,19,183,-0.035713746848947237,0.0,0.6509598603839442,1.1657940663176265,1.5453706015718196,0.4521260134926039,0.7850572663198523,0.6603241893115004,0.7232887337599379,0.0,0.547873986507396,0.5433088351797373
Pima,model_c_extended_transport,XGBoost,adaptive_calibration,isotonic,384,0.7622835820895523,0.5708952108206845,0.7447916666666666,0.6428571428571429,0.6044776119402985,0.82,0.6230769230769231,0.18507133153323937,0.5430942880903915,0.07849367073509471,0.9306987866561282,0.8316304970167377,-0.11971840531344048,205,45,53,81,-0.21441752800204272,0.0,0.18489583333333334,0.1953125,1.8972527335712026,0.18748003832641325,0.7622835820895523,0.9215063292649053,0.20543981481481488,0.0,0.8125199616735868,0.5403499375685719
Pima,model_c_extended_transport,CatBoost,fixed_recalibration,isotonic,384,0.7694925373134328,0.5628484256203617,0.7161458333333334,0.6190476190476191,0.48507462686567165,0.84,0.5439330543933054,0.18309517474019954,0.5943369088320454,0.032171212275106234,0.3979829924690099,0.5531942475398107,-0.23247263250067024,210,40,69,65,-0.20758264512314495,-0.019014925373134317,0.2630208333333333,0.2838541666666667,1.8972527335712026,0.3359948898115618,0.7694925373134328,0.9678287877248938,0.29224537037037035,0.0,0.6640051101884382,0.538714361119427
Pima,model_c_extended_transport,CatBoost,adaptive_calibration,isotonic,384,0.7694925373134328,0.5628484256203617,0.7161458333333334,0.6190476190476191,0.48507462686567165,0.84,0.5439330543933054,0.18309517474019954,0.5943369088320454,0.032171212275106234,0.3979829924690099,0.5531942475398107,-0.23247263250067024,210,40,69,65,-0.20758264512314495,-0.019014925373134317,0.2630208333333333,0.2838541666666667,1.8972527335712026,0.3359948898115618,0.7694925373134328,0.9678287877248938,0.29224537037037035,0.0,0.6640051101884382,0.538714361119427
Pima,model_b_routine_clinical,CatBoost,adaptive_calibration,isotonic,384,0.7694925373134328,0.5628484256203617,0.7161458333333334,0.6190476190476191,0.48507462686567165,0.84,0.5439330543933054,0.18309517474019954,0.5943369088320454,0.032171212275106234,0.3979829924690099,0.5531942475398107,-0.23247263250067024,210,40,69,65,-0.20758264512314495,-0.019014925373134317,0.2630208333333333,0.2838541666666667,1.8972527335712026,0.3359948898115618,0.7694925373134328,0.9678287877248938,0.29224537037037035,0.0,0.6640051101884382,0.538714361119427
Pima,model_b_routine_clinical,CatBoost,fixed_recalibration,isotonic,384,0.7694925373134328,0.5628484256203617,0.7161458333333334,0.6190476190476191,0.48507462686567165,0.84,0.5439330543933054,0.18309517474019954,0.5943369088320454,0.032171212275106234,0.3979829924690099,0.5531942475398107,-0.23247263250067024,210,40,69,65,-0.20758264512314495,-0.019014925373134317,0.2630208333333333,0.2838541666666667,1.8972527335712026,0.3359948898115618,0.7694925373134328,0.9678287877248938,0.29224537037037035,0.0,0.6640051101884382,0.538714361119427
NHANES,model_a_screening,LightGBM,naive_transfer,uncalibrated,1146,0.7760084535995972,0.4075710959085661,0.5907504363001745,0.28363047001620745,0.8663366336633663,0.5317796610169492,0.42735042735042733,0.2589014299338636,0.7179332081946388,0.32475165049785415,0.5064942845353604,0.8489335864850525,-1.9620372395048211,502,442,27,175,-0.03986978478419767,0.0,0.6239092495636999,1.0802792321116927,1.5453706015718196,0.4545454545454546,0.7760084535995972,0.6752483495021459,0.693232499515222,0.0,0.5454545454545454,0.5379887696143022
Pima,model_a_screening,LightGBM,naive_transfer,uncalibrated,384,0.6817761194029851,0.48618316734280376,0.6484375,0.49514563106796117,0.3805970149253731,0.792,0.43037974683544306,0.22912901450266654,0.6783878932133555,0.14691690729557444,0.5753399716563818,0.40682186524337577,-0.2058501337211086,198,52,83,51,-0.13410211898080981,0.0,0.6041666666666666,0.9010416666666666,1.8972527335712026,0.5688278505269881,0.6817761194029851,0.8530830927044255,0.6712962962962963,0.0,0.43117214947301186,0.5274655315753438
NHANES,model_a_screening,Logistic Regression,naive_transfer,uncalibrated,1146,0.7754709263299212,0.401583663379749,0.5549738219895288,0.27419354838709675,0.9257425742574258,0.475635593220339,0.4230769230769231,0.28503850747422627,0.8012811447647854,0.37733486365450253,0.5265056050827246,0.8901521110728325,-2.1937050331459482,449,495,15,187,-0.04799783746045427,0.0,0.6221640488656196,1.1413612565445026,1.5453706015718196,0.4521414866621279,0.7754709263299212,0.6226651363454975,0.6912933876284661,0.0,0.5478585133378722,0.5274575927283515
Pima,model_a_screening,LightGBM,adaptive_calibration,isotonic,384,0.6802835820895522,0.48357371734717275,0.6614583333333334,0.5178571428571429,0.43283582089552236,0.784,0.4715447154471545,0.21022788276978546,0.6660269145257646,0.0639436638130512,0.3660505657206619,0.2996934299901085,-0.39234588537039267,196,54,76,58,-0.13559465629424272,-0.0014925373134329067,0.5364583333333334,0.7630208333333334,1.8972527335712026,0.5838390290641968,0.6802835820895522,0.9360563361869488,0.5960648148148149,0.0,0.4161609709358032,0.5257131408054239
Pima,model_c_extended_transport,XGBoost,fixed_recalibration,temperature,384,0.7622835820895523,0.5686326104396433,0.6484375,0.0,0.0,0.996,0.0,0.19950720384099915,0.5822823126127485,0.08919698501323929,0.5034515478160698,2.0784689008956803,1.1254115529944393,249,1,134,0,-0.21441752800204272,0.0,0.0,0.0,1.8972527335712026,0.060648465957858055,0.7622835820895523,0.9108030149867608,0.0,0.0,0.9393515340421419,0.5224876262236909
Pima,model_b_routine_clinical,XGBoost,fixed_recalibration,temperature,384,0.7624626865671642,0.5646873875529215,0.6484375,0.0,0.0,0.996,0.0,0.20006928212851235,0.58367406581972,0.08375654277474452,0.5139271514944759,2.096794963176285,1.139037138349558,249,1,134,0,-0.21441302313264954,0.0,0.0,0.0,1.8972527335712026,0.07022142442882594,0.7624626865671642,0.9162434572252555,0.0,0.0,0.929778575571174,0.5216969438727188
